coordinate_x,coordinate_y,cost,parent_coordinate_x,parent_coordinate_y
35.0,50.0,0,,
36.0878026201,40.0593417995,9.99999999997322,35.0,50.0
36.7409528356,31.732001287,18.35291597076638,36.0878026201,40.0593417995
39.8590530625,22.424125465,28.169183150441455,36.7409528356,31.732001287
38.8312487171,22.9513632537,27.378930658548043,36.7409528356,31.732001287
39.5996101174,19.7549067624,30.666439341767735,38.8312487171,22.9513632537
42.5501524966,10.3281208556,40.5441917614277,39.5996101174,19.7549067624
41.6701545873,11.6296187972,39.05139366002478,39.5996101174,19.7549067624
41.5651744723,5.7990656204,44.882891852774044,41.6701545873,11.6296187972
41.239547112,0.9675109641,49.72540706437536,41.5651744723,5.7990656204
38.8543698181,12.5018862847,37.9576456311026,39.5996101174,19.7549067624
39.4003262169,7.6583981692,42.83180663730463,38.8543698181,12.5018862847
39.848659253,0.9909588717,49.514302375956916,39.4003262169,7.6583981692
41.8722314232,13.2559343533,37.55131043524648,39.5996101174,19.7549067624
43.3359578694,7.6705348498,43.32531967692624,41.8722314232,13.2559343533
42.7498899184,6.7110174383,44.1548111627735,41.8722314232,13.2559343533
43.6145922511,-0.5806415395,51.49756274325804,42.7498899184,6.7110174383
44.1356281493,0.1386756012,50.87165176444575,42.7498899184,6.7110174383
37.2335781513,29.8406760399,20.3073445041199,36.7409528356,31.732001287
37.6036050783,26.1004905361,24.050115478361107,36.7409528356,31.732001287
38.2458916255,19.1091855341,31.070861709332878,37.6036050783,26.1004905361
37.5123906044,20.2452216636,29.906094785831062,37.6036050783,26.1004905361
38.6002286321,18.8421808273,31.376527856657134,37.6036050783,26.1004905361
37.4002373632,12.3256625657,38.00261186602515,38.6002286321,18.8421808273
40.684167549,32.718817877,18.660823402884553,36.0878026201,40.0593417995
44.8805688833,51.5408953702,9.999999999977,35.0,50.0
45.7011568955,51.4517773633,10.825413051073342,44.8805688833,51.5408953702
50.3779887316,51.4855000477,15.497698939555054,44.8805688833,51.5408953702
54.197414739,52.2118628483,19.340975005592966,44.8805688833,51.5408953702
63.2630578915,52.8552786752,28.429422050868382,54.197414739,52.2118628483
62.3907124122,53.127692018,27.585298496925528,54.197414739,52.2118628483
70.8383990979,54.346060845,36.12039269314611,62.3907124122,53.127692018
77.0405268776,54.6488242773,42.32990593426772,70.8383990979,54.346060845
81.6832042064,54.8189460675,46.9756991068976,77.0405268776,54.6488242773
89.7282253195,56.5147548042,55.197507422693626,81.6832042064,54.8189460675
97.9839442592,55.6036959245,63.50334413512673,89.7282253195,56.5147548042
101.6841656349,55.1717190656,67.22869542538277,97.9839442592,55.6036959245
97.9610127829,56.2119880363,63.435860239444125,89.7282253195,56.5147548042
94.5465283658,57.548966171,60.12555342463011,89.7282253195,56.5147548042
98.5776375334,56.6420156632,64.04783464024642,89.7282253195,56.5147548042
103.9021240907,56.2745224076,69.38498822542456,98.5776375334,56.6420156632
91.7209420691,56.4745149272,57.19063042236961,89.7282253195,56.5147548042
100.5442190746,55.939986081,66.03008392375784,91.7209420691,56.4745149272
103.7366806177,55.3626500321,69.27432923161173,100.5442190746,55.939986081
96.2834294907,57.0423332261,61.77390770836453,89.7282253195,56.5147548042
102.0560647252,57.5664063177,67.5702833135104,96.2834294907,57.0423332261
85.5365733767,54.5772485152,50.826253926469406,77.0405268776,54.6488242773
94.7419348898,54.1790217733,60.04022511835117,85.5365733767,54.5772485152
96.5835500452,54.3147134281,61.88683244146599,94.7419348898,54.1790217733
102.9742204607,55.770509845,68.42493501215259,94.7419348898,54.1790217733
66.0335344133,53.8524692287,31.299521718118392,62.3907124122,53.127692018
48.930179887,52.01330346,14.077072317780134,44.8805688833,51.5408953702
57.2932006248,53.862643675,22.64212778121346,48.930179887,52.01330346
66.6760117455,54.9801083358,32.091247941041495,57.2932006248,53.862643675
63.206696642,54.3575766361,28.576299482590446,57.2932006248,53.862643675
69.4360975218,54.9259754593,34.8315782568313,63.206696642,54.3575766361
70.2095735072,55.0686093694,35.61518092334349,63.206696642,54.3575766361
79.7845173821,56.7130254876,45.33030596511629,70.2095735072,55.0686093694
87.1288497417,56.3805159868,52.682161538805815,79.7845173821,56.7130254876
66.8732420956,55.3312341756,32.33408076503981,57.2932006248,53.862643675
54.3159453576,51.7743001634,19.43826292327293,44.8805688833,51.5408953702
48.1871513379,51.86885098,13.322806405873653,44.8805688833,51.5408953702
28.2820452938,57.4073669117,9.999999999955138,35.0,50.0
26.1485517429,60.8941583329,14.087726647700284,28.2820452938,57.4073669117
27.1596975036,51.7816191735,8.040180975229282,35.0,50.0
35.1524831898,53.5384169807,3.541700982928638,35.0,50.0
35.7439689059,57.5388743374,7.575494439840503,35.0,50.0
35.6975420308,65.800833457,15.837584002939721,35.7439689059,57.5388743374
35.3934866742,68.3646011235,18.419318750675824,35.6975420308,65.800833457
36.5153784785,74.1523016251,24.229000868879233,35.6975420308,65.800833457
35.9746335033,69.6160895347,19.6628890394772,35.6975420308,65.800833457
29.0227285386,55.6206434472,8.204840454501186,35.0,50.0
26.458292643,58.473976367,12.041224196237163,29.0227285386,55.6206434472
21.0506528619,64.8955074032,20.43637927824816,26.458292643,58.473976367
16.9814983943,68.7365784883,26.032078087331826,21.0506528619,64.8955074032
9.5773409525,75.3268931786,35.94438332577896,16.9814983943,68.7365784883
10.7792382327,75.8434132768,35.46474111657253,16.9814983943,68.7365784883
4.6526740922,81.342845862,43.69751385282731,10.7792382327,75.8434132768
-0.6389412073,86.1855722922,50.870601873732966,4.6526740922,81.342845862
0.1503371972,86.4872301273,50.53386719252124,4.6526740922,81.342845862
-3.2058001018,89.9443279054,55.352080825921384,0.1503371972,86.4872301273
-3.8219823399,91.3053044701,56.7783177590302,0.1503371972,86.4872301273
6.3831512589,80.9962902642,42.23805064209183,10.7792382327,75.8434132768
1.5775691929,87.5194053106,50.340189180874724,6.3831512589,80.9962902642
2.2219237629,88.2041569306,50.5608600328004,6.3831512589,80.9962902642
2.0090415627,87.7630010028,50.295420551328675,6.3831512589,80.9962902642
-2.2628102629,94.3331248841,58.1322085308207,2.0090415627,87.7630010028
-2.6008440643,94.709549742,58.632421503715705,2.0090415627,87.7630010028
1.6219613947,89.5819691886,52.05552544551492,6.3831512589,80.9962902642
3.4436563983,86.0699586724,48.10173047235717,6.3831512589,80.9962902642
-0.8483938591,92.9959751368,56.249822241427225,3.4436563983,86.0699586724
6.3219625027,80.9556174942,42.24721403532785,10.7792382327,75.8434132768
3.384956432,84.3725977275,46.75296131786507,6.3219625027,80.9556174942
-2.013362522,89.9959440652,54.5480797623045,3.384956432,84.3725977275
12.2434634741,73.8419730574,32.99727934869035,16.9814983943,68.7365784883
6.710593024,78.7049544285,40.36350248088336,12.2434634741,73.8419730574
20.6738852848,63.2160558318,19.52097593918132,26.458292643,58.473976367
17.2635624608,65.5230614196,23.638326609944713,20.6738852848,63.2160558318
11.4457567448,69.6914384603,30.795297372953126,17.2635624608,65.5230614196
16.7551299369,67.4136493464,25.2634871312041,20.6738852848,63.2160558318
11.0208596308,73.0161479957,33.280334832066856,16.7551299369,67.4136493464
2.9414523268,78.6261131284,43.116417953616725,11.0208596308,73.0161479957
4.2430798753,79.2695698241,42.502242605297695,11.0208596308,73.0161479957
1.1224999865,83.2584185949,47.56672020507989,4.2430798753,79.2695698241
-0.7957605168,85.639451112,50.62414509911015,4.2430798753,79.2695698241
-0.6374090473,83.7277391493,49.11242005040275,4.2430798753,79.2695698241
1.1988367877,82.5695801581,46.99195130196245,4.2430798753,79.2695698241
11.8800449675,71.8969129985,31.8866364148237,16.7551299369,67.4136493464
7.489199037,74.7502422754,37.12314440658721,11.8800449675,71.8969129985
5.103639908,78.0049895214,41.00958902568491,11.8800449675,71.8969129985
-0.4766474328,83.4591793633,48.812652118943724,5.103639908,78.0049895214
-3.9385503032,86.7416201703,53.58331131192142,-0.4766474328,83.4591793633
4.913181608,78.0162971232,41.159394749622145,11.8800449675,71.8969129985
0.0994115258,81.1558184171,46.90647891110223,4.913181608,78.0162971232
0.6898907884,80.7213220754,46.17470584056578,4.913181608,78.0162971232
-0.819906687,82.4871594167,48.42967060722934,4.913181608,78.0162971232
-2.4698568838,84.1075330733,50.730832090543885,4.913181608,78.0162971232
-2.4504449272,83.3974729099,50.27970442623225,4.913181608,78.0162971232
20.59276574,65.9615695601,21.552715019193062,26.458292643,58.473976367
15.2353326689,73.476539034,30.781845818188422,20.59276574,65.9615695601
18.3752250474,69.0051195917,25.318439852235063,20.59276574,65.9615695601
13.2785132091,74.9976986751,33.18529917686205,18.3752250474,69.0051195917
42.0105270653,53.6525821539,7.904988685905416,35.0,50.0
46.5935051417,55.6208285905,12.892741895914067,42.0105270653,53.6525821539
52.5836100464,57.9176623284,19.308098627138502,46.5935051417,55.6208285905
58.3870343889,60.4129749229,25.62524347614995,52.5836100464,57.9176623284
59.8085674841,60.5762358099,27.006671412604106,52.5836100464,57.9176623284
68.2884240821,64.6028892624,36.393998292455166,59.8085674841,60.5762358099
75.4361776484,67.6645229871,44.16985722306694,68.2884240821,64.6028892624
84.9284200784,70.4133124233,54.05208924394445,75.4361776484,67.6645229871
87.0441904814,71.2857620058,56.340681097511876,84.9284200784,70.4133124233
93.9594383599,73.9673272784,63.7572586289196,84.9284200784,70.4133124233
98.9646931155,76.7371452984,69.47778893933427,93.9594383599,73.9673272784
98.9053216886,76.1924988138,69.1806478149422,93.9594383599,73.9673272784
102.2957180871,77.4004102799,72.77979185886399,98.9053216886,76.1924988138
102.5363957285,78.2702608838,73.36416235450896,98.9053216886,76.1924988138
103.342232316,77.8942273442,73.93270588557985,98.9053216886,76.1924988138
80.7821966209,69.0526280148,49.69314921446626,75.4361776484,67.6645229871
85.0483368339,70.84516977,54.320584601493415,80.7821966209,69.0526280148
87.3759858266,70.7228719149,56.49519087671938,80.7821966209,69.0526280148
96.5039945696,73.4069895648,66.00965519011028,87.3759858266,70.7228719149
103.7932605322,75.9325551764,73.72404952356351,96.5039945696,73.4069895648
104.4369258524,75.5129991634,74.21737565117753,96.5039945696,73.4069895648
84.7775309595,70.4121007744,53.91344098889262,80.7821966209,69.0526280148
74.8418632901,65.2213831691,42.97655859719805,68.2884240821,64.6028892624
76.5074613473,69.4480991468,45.93489093364099,68.2884240821,64.6028892624
84.6881292208,73.1130568503,54.898999468512656,76.5074613473,69.4480991468
90.2699956382,76.5412315941,61.44954255864848,84.6881292208,73.1130568503
93.8470916614,79.3320590755,65.98653870038486,90.2699956382,76.5412315941
98.6706699839,80.5362412226,70.75176978627036,90.2699956382,76.5412315941
100.4055180029,81.330795854,72.65991409719325,98.6706699839,80.5362412226
94.0916258167,79.5888501227,66.3375724191432,90.2699956382,76.5412315941
80.5010358874,71.6438266508,50.492286777668255,76.5074613473,69.4480991468
88.4758320395,74.8210544195,59.07669997611971,80.5010358874,71.6438266508
83.1763526844,73.2075591315,53.59108964902141,80.5010358874,71.6438266508
72.0040918805,64.6117097832,40.10967656023535,68.2884240821,64.6028892624
58.9909472558,60.0319840154,26.055270353949698,52.5836100464,57.9176623284
53.3095625852,58.7131617303,20.286519809261012,46.5935051417,55.6208285905
57.8980853153,60.6095328091,25.25147339546436,53.3095625852,58.7131617303
66.1216383367,65.0325610345,34.5890321223727,57.8980853153,60.6095328091
74.4758426926,67.5817541784,43.3235107046949,66.1216383367,65.0325610345
82.6859563362,70.5579168048,52.05640885019086,74.4758426926,67.5817541784
91.0158403771,73.2157101805,60.80002559400778,82.6859563362,70.5579168048
90.584348294,73.0907201507,60.350966602599485,82.6859563362,70.5579168048
98.8752728485,76.0439816313,69.15217011923328,90.584348294,73.0907201507
96.5251403458,76.5567160608,67.22891236071361,90.584348294,73.0907201507
85.1976680853,71.6394880396,54.7910920578977,82.6859563362,70.5579168048
94.4864933664,74.8926264697,64.63310327249181,85.1976680853,71.6394880396
101.3675064783,78.2387492133,72.28456580336635,94.4864933664,74.8926264697
99.0356860559,76.8826638028,69.59852397101595,94.4864933664,74.8926264697
85.5240677651,71.8818982235,55.18815010385722,82.6859563362,70.5579168048
91.9256545487,75.5216855058,62.55214119621704,85.5240677651,71.8818982235
95.4483883253,76.8488672101,66.31658863734664,91.9256545487,75.5216855058
102.6992405104,79.7448936526,74.12439412710039,95.4483883253,76.8488672101
99.6730152449,78.8343445271,70.9780125190195,91.9256545487,75.5216855058
101.8415796085,79.8130831206,73.35721419888655,99.6730152449,78.8343445271
77.3737328628,68.9105999229,46.51155061210157,74.4758426926,67.5817541784
61.8185214296,62.5054398024,29.602299625885244,53.3095625852,58.7131617303
55.3586543393,59.8965711637,22.645168004758112,46.5935051417,55.6208285905
61.3612445206,62.7086051413,29.27378957909889,55.3586543393,59.8965711637
66.7655125332,65.9319835235,35.566347163010676,61.3612445206,62.7086051413
75.3077791227,69.2675673778,44.73675817534567,66.7655125332,65.9319835235
71.1923016676,68.5699215284,40.71951890070173,66.7655125332,65.9319835235
75.8328582364,71.7641918353,46.353179172831716,71.1923016676,68.5699215284
77.5485088302,70.4672923822,47.35287292794445,71.1923016676,68.5699215284
79.5950993319,72.836780518,50.14358884018625,71.1923016676,68.5699215284
86.69332277,75.7021612434,57.79833786799153,79.5950993319,72.836780518
71.95389838,69.0524365107,41.62081448397295,66.7655125332,65.9319835235
74.3497306937,70.2847839296,44.310901839002035,66.7655125332,65.9319835235
80.5425085149,73.4689996298,51.27435836346939,74.3497306937,70.2847839296
85.1251968855,76.8572408049,56.97358734313633,80.5425085149,73.4689996298
86.6800928737,77.2003459868,58.457177266747095,80.5425085149,73.4689996298
94.53665025,81.9055646674,67.61493772656263,86.6800928737,77.2003459868
94.5107425647,82.1245179411,67.70739585976817,86.6800928737,77.2003459868
89.525880623,79.0221283018,61.83614141531581,86.6800928737,77.2003459868
95.9525672122,82.8829995664,69.33338273713659,89.525880623,79.0221283018
99.1369686981,85.0595922694,73.19057972694085,95.9525672122,82.8829995664
102.6604284072,84.9359120777,76.3483561220069,95.9525672122,82.8829995664
101.9191938029,84.7340222535,75.58053551748439,95.9525672122,82.8829995664
104.448543967,87.3622465825,78.93782310861805,95.9525672122,82.8829995664
92.875887194,80.2091204779,65.3448903268096,86.6800928737,77.2003459868
101.1445757677,84.7961506767,74.80068520474241,92.875887194,80.2091204779
100.3580023828,83.8446333082,73.66348403234346,92.875887194,80.2091204779
100.2643527972,84.6351860581,73.95764136755731,92.875887194,80.2091204779
85.7490240987,77.3298374674,57.75616932435031,80.5425085149,73.4689996298
82.7648562283,74.9301129979,53.923051438122414,74.3497306937,70.2847839296
75.2768580355,70.9329274295,45.43814751606082,66.7655125332,65.9319835235
81.4769491423,74.7331746764,52.710217982591764,75.2768580355,70.9329274295
84.8389515333,77.1617124699,56.85760943886251,81.4769491423,74.7331746764
89.094118777,79.5912056429,61.75749569769659,84.8389515333,77.1617124699
96.9612301097,85.2560052894,71.4518959244297,89.094118777,79.5912056429
101.458978239,88.3111238188,76.88912752362657,96.9612301097,85.2560052894
91.386475979,81.116868759,64.50701056824815,84.8389515333,77.1617124699
86.775241922,78.2932277624,59.10027466723106,84.8389515333,77.1617124699
88.6452646666,80.9255441219,62.21059443541622,84.8389515333,77.1617124699
88.9534759711,80.2002331527,61.972481801791695,84.8389515333,77.1617124699
90.7318261113,80.4934797069,63.62714736353545,84.8389515333,77.1617124699
96.4949220913,84.131064702,70.44222622377389,90.7318261113,80.4934797069
99.7578599701,86.2312841138,74.32264954843956,96.4949220913,84.131064702
82.7769621826,76.2898255209,54.65486707233417,75.2768580355,70.9329274295
58.3122432704,61.3820205712,25.9512604892719,55.3586543393,59.8965711637
65.0153482531,65.8193339078,33.99000206095249,58.3122432704,61.3820205712
64.2896855946,65.05722808,32.96816628683519,58.3122432704,61.3820205712
51.3311418828,56.1338344466,17.550219295705755,42.0105270653,53.6525821539
49.0720853253,56.1881551119,15.407970445493739,42.0105270653,53.6525821539
49.983592562,59.6448606414,17.878813172351087,42.0105270653,53.6525821539
53.6200546242,61.6409589148,22.027097715013316,49.983592562,59.6448606414
58.2160840617,64.1588504249,27.267637382984447,49.983592562,59.6448606414
49.0683303005,55.9283551737,15.320629544553384,42.0105270653,53.6525821539
58.0049484926,58.3125984343,24.569832787919225,49.0683303005,55.9283551737
62.5005539746,60.5076035642,29.572683592218286,58.0049484926,58.3125984343
70.1423926824,62.7121780751,37.52616381223143,62.5005539746,60.5076035642
76.0862645097,65.6326298665,44.14875023788584,70.1423926824,62.7121780751
80.683311598,67.7096794191,49.19324989355075,76.0862645097,65.6326298665
80.2385869303,65.6248879944,48.3010798757158,76.0862645097,65.6326298665
82.4765148374,69.0609024237,51.40053291369188,76.0862645097,65.6326298665
83.6900926271,67.9656002279,52.10242566162132,76.0862645097,65.6326298665
90.0417315384,70.5112911476,58.94522180926325,83.6900926271,67.9656002279
94.0847151245,72.0616508228,63.2752716242146,90.0417315384,70.5112911476
79.7586616597,66.711405321,47.97631569239603,76.0862645097,65.6326298665
87.504474971,68.0907469683,55.84398416745829,79.7586616597,66.711405321
86.6044183635,69.0448510165,55.20883625313211,79.7586616597,66.711405321
89.7042271177,70.1307924805,58.49335801068669,86.6044183635,69.0448510165
96.6841232424,71.9260816359,65.70043876943353,89.7042271177,70.1307924805
91.5174255378,70.8719358298,60.4505800860292,86.6044183635,69.0448510165
99.6894880298,73.5686216896,69.05608530069259,91.5174255378,70.8719358298
99.4961037185,74.1432515154,69.07385161289363,91.5174255378,70.8719358298
88.4263634176,69.1595195457,56.98310851898427,79.7586616597,66.711405321
94.3552579363,70.1757539891,62.998465753415445,88.4263634176,69.1595195457
97.5325693012,71.0258460013,66.28753308910939,94.3552579363,70.1757539891
82.7299878676,68.5854600797,51.419119301715604,76.0862645097,65.6326298665
65.5298989787,60.9969487209,32.55923929149796,58.0049484926,58.3125984343
65.5660467249,59.7700178069,32.27011055603383,58.0049484926,58.3125984343
48.6337998569,55.9074710926,14.901578326424602,42.0105270653,53.6525821539
34.995592058,52.9889905698,2.988993820051493,35.0,50.0
32.1800385246,56.8120012483,7.3726212251532965,35.0,50.0
29.8319058018,64.0295568444,14.962537961631941,32.1800385246,56.8120012483
28.8052378281,71.4006493885,22.404785768706617,29.8319058018,64.0295568444
25.8357249098,77.4461074299,29.14018255748443,28.8052378281,71.4006493885
27.3362674909,75.0760157122,26.362839768459725,28.8052378281,71.4006493885
24.3690934371,84.5705304258,36.310197785154955,27.3362674909,75.0760157122
23.231066832,88.4044910523,40.30949255291936,24.3690934371,84.5705304258
20.4280741157,95.7611531895,48.182055411896286,23.231066832,88.4044910523
22.2498644835,88.9406024059,41.16701366276774,24.3690934371,84.5705304258
21.1543820749,91.3368589702,43.80136399029418,24.3690934371,84.5705304258
28.2567514464,67.452488068,18.730504177620524,29.8319058018,64.0295568444
25.425272278,76.9821185942,28.671889003034245,28.2567514464,67.452488068
25.3585877807,75.9522151115,27.710744288396455,28.2567514464,67.452488068
24.4207175879,78.4982505006,30.424025825777395,25.3585877807,75.9522151115
23.3728637869,79.7533566477,31.999307772568976,25.3585877807,75.9522151115
18.4543508197,86.5920020339,40.42301482627811,23.3728637869,79.7533566477
18.5053318321,88.170975227,41.722947516902146,23.3728637869,79.7533566477
22.2474833353,87.3547676825,39.683572921613646,23.3728637869,79.7533566477
18.8007668734,85.3612132011,39.23478462692678,23.3728637869,79.7533566477
20.4743042992,86.5193713476,39.360055154662625,23.3728637869,79.7533566477
20.1694780625,88.443439069,41.261014558484675,23.3728637869,79.7533566477
19.6996304249,90.2699515286,43.146990318570786,20.1694780625,88.443439069
19.625255165,90.3993176083,43.29119667412298,20.1694780625,88.443439069
17.9516143761,95.2561358941,48.42563299648816,20.1694780625,88.443439069
14.2059490722,101.1246079494,55.38759915790243,17.9516143761,95.2561358941
21.8617849736,88.9105451565,41.28033468588536,23.3728637869,79.7533566477
20.8185185833,93.9986435486,46.47428790177209,21.8617849736,88.9105451565
20.5910953622,88.5823879952,41.25619872492417,23.3728637869,79.7533566477
20.7132103593,89.4615263221,42.143777606117986,20.5910953622,88.5823879952
17.9296150277,97.3283828343,50.398184466353335,20.5910953622,88.5823879952
16.2349525611,104.6864387834,57.94887107260239,17.9296150277,97.3283828343
19.1597662308,95.6148186227,48.432812384094795,20.5910953622,88.5823879952
17.4699462163,103.6473160873,56.64113177360506,19.1597662308,95.6148186227
19.9636622997,91.2023784782,43.950270434981036,20.5910953622,88.5823879952
19.565113025,94.9344621331,47.69059734558985,20.5910953622,88.5823879952
19.5515741461,91.5202501148,44.372548864510975,20.5910953622,88.5823879952
18.0590523157,96.2217099477,49.30420977631305,20.5910953622,88.5823879952
18.5098874074,94.066174133,47.121634510631004,20.5910953622,88.5823879952
15.9729464765,101.9003493362,55.35633975133691,18.5098874074,94.066174133
21.5660989687,83.4449205304,36.108577692528655,25.3585877807,75.9522151115
21.6626514227,83.1549616569,35.806391474363615,25.3585877807,75.9522151115
36.097696486,55.9473464796,6.047798584922224,35.0,50.0
37.9195842604,65.7722937622,16.040238935926435,36.097696486,55.9473464796
39.4045180919,70.2320868462,20.74074772073129,37.9195842604,65.7722937622
37.842803201,52.5310701593,3.80629034506234,35.0,50.0
45.1450362404,58.8027747739,13.432135042256446,37.842803201,52.5310701593
53.2850883895,64.099937301,23.144003030886637,45.1450362404,58.8027747739
53.0848346529,64.7712468357,23.365062988417368,45.1450362404,58.8027747739
54.9350434972,66.5138244122,25.90668636288624,53.0848346529,64.7712468357
54.215307811,65.7372580057,24.85205563861755,53.0848346529,64.7712468357
59.5121223567,69.9954216547,31.647697217145105,53.0848346529,64.7712468357
61.4213035704,72.7084247852,34.96512979262389,59.5121223567,69.9954216547
63.7304870025,76.0319272501,39.01207092359366,59.5121223567,69.9954216547
61.8169083982,72.8865051947,35.34504798929971,59.5121223567,69.9954216547
68.1893701024,79.9532702471,44.860689663791106,61.8169083982,72.8865051947
68.8453012851,80.3814958808,45.6440305281637,68.1893701024,79.9532702471
66.1705117736,78.136799819,42.165565271166805,61.8169083982,72.8865051947
74.1616065025,83.1781031594,51.613969069490715,66.1705117736,78.136799819
63.9046086903,73.8347409248,37.481590312550956,59.5121223567,69.9954216547
68.2825774176,77.349290421,43.09573925414989,63.9046086903,73.8347409248
72.6885851766,82.5993979277,49.94968214888397,68.2825774176,77.349290421
74.4869640779,84.8914594245,52.86305005866709,72.6885851766,82.5993979277
78.950906057,87.8091672641,58.095746189117605,72.6885851766,82.5993979277
82.7031877169,93.1888561803,64.65476063416246,78.950906057,87.8091672641
86.6529217872,98.4696434942,71.24923664676086,82.7031877169,93.1888561803
83.1422472813,91.6815948422,63.802149312464756,78.950906057,87.8091672641
88.1599722051,97.983860972,71.85796223120536,83.1422472813,91.6815948422
95.8310617882,104.2108600021,81.73830292942077,88.1599722051,97.983860972
87.2556677353,95.2646526887,69.2572873824636,83.1422472813,91.6815948422
89.8817539987,96.4359487823,72.04986609843796,83.1422472813,91.6815948422
95.9956610978,102.5406232142,80.68971042203076,89.8817539987,96.4359487823
95.3284359687,101.3691650391,79.39853721086902,89.8817539987,96.4359487823
95.0234614222,102.0592960626,79.66952421831003,89.8817539987,96.4359487823
92.0083860135,98.0706083505,74.73215535023019,89.8817539987,96.4359487823
78.739827783,87.3406594276,57.637145819818926,72.6885851766,82.5993979277
84.488237987,91.1919924411,64.55646557354663,78.739827783,87.3406594276
52.2513392248,64.0291636912,22.25339817295199,45.1450362404,58.8027747739
53.3893625328,66.2045944378,24.708514459974644,52.2513392248,64.0291636912
25.3699411325,50.3402141104,9.636066595475079,35.0,50.0
17.9638333602,47.8527411332,17.448745658845255,25.3699411325,50.3402141104
9.3410128207,44.8063361016,26.593887411326776,17.9638333602,47.8527411332
10.4943070315,44.9176806251,25.474230302239118,17.9638333602,47.8527411332
11.6415872249,46.3890049615,23.93822327847372,17.9638333602,47.8527411332
4.0600402803,44.6069565486,31.726390625102386,11.6415872249,46.3890049615
1.0724690763,44.2321136827,34.73738529017341,4.0600402803,44.6069565486
6.1644248946,44.9780298532,29.59420753841465,11.6415872249,46.3890049615
-0.2290796939,44.9043598309,35.98813654923079,6.1644248946,44.9780298532
-2.8481418966,44.5124537157,38.61879181170117,6.1644248946,44.9780298532
12.5246272506,46.1930148196,23.13554216819621,17.9638333602,47.8527411332
7.9248138348,44.4605790548,28.050785513070586,12.5246272506,46.1930148196
7.5707807991,44.9041117869,28.254317968399068,12.5246272506,46.1930148196
6.9786506401,44.3048649363,28.9941227596039,12.5246272506,46.1930148196
1.0870911483,42.7352196339,35.091192516525254,6.9786506401,44.3048649363
-3.6708278494,40.1588564702,40.501870878796,1.0870911483,42.7352196339
18.8702693646,49.0348315311,16.265527868367187,25.3699411325,50.3402141104
15.1140467801,48.4734033912,20.06347595392331,18.8702693646,49.0348315311
5.5310466251,45.8805361828,29.991056340458897,15.1140467801,48.4734033912
14.6748554765,47.5730875629,20.70829650076652,18.8702693646,49.0348315311
23.7503418882,50.7140050539,11.298240287235284,25.3699411325,50.3402141104
14.6588824403,52.9990883018,20.67247307411675,23.7503418882,50.7140050539
8.8689648947,54.5821395266,26.674905611445887,14.6588824403,52.9990883018
8.9751245457,54.5406665596,26.561578891585942,14.6588824403,52.9990883018
-0.1493691551,56.2059110493,35.83678371446803,8.9751245457,54.5406665596
4.6365432483,54.6853550126,30.902572144584685,8.9751245457,54.5406665596
4.783897144,55.2162106135,30.806899480366084,8.9751245457,54.5406665596
14.2810803315,50.529683767,20.769295601507345,23.7503418882,50.7140050539
10.333603631,50.5475432989,24.716812702657137,14.2810803315,50.529683767
14.2957262576,52.0005893929,20.83999358438911,23.7503418882,50.7140050539
9.9721850003,51.9507053926,25.163822607033413,14.2957262576,52.0005893929
1.3753974615,51.972802208,33.76063854414163,9.9721850003,51.9507053926
-0.5750790923,52.2753674789,35.7344431266873,1.3753974615,51.972802208
9.3654805258,52.4842997446,25.793911092813513,14.2957262576,52.0005893929
4.3762487165,53.6776529894,30.923874641787876,9.3654805258,52.4842997446
1.7665521156,53.0016563795,33.410430696347646,9.3654805258,52.4842997446
4.6878714791,52.8612951614,30.486323864069277,14.2957262576,52.0005893929
-0.1147710843,54.7461805208,35.64560369849014,4.6878714791,52.8612951614
-1.4295993732,53.4740080195,36.63440215530965,4.6878714791,52.8612951614
14.7549608324,50.9040199068,20.295628018314133,23.7503418882,50.7140050539
24.8564023501,50.6030739362,10.212969853438212,25.3699411325,50.3402141104
24.3538327286,48.6686153514,11.592266661819657,25.3699411325,50.3402141104
23.0656391858,47.7988815952,13.066544465157108,25.3699411325,50.3402141104
21.2827351164,47.4173304997,14.660855309415464,25.3699411325,50.3402141104
16.6145063395,48.6448419698,18.55413393709106,25.3699411325,50.3402141104
16.3353725445,49.8783477474,18.682433275449263,25.3699411325,50.3402141104
7.6656342855,49.3288535479,27.369567748614305,16.3353725445,49.8783477474
-1.0481166223,49.5087795984,36.0851760616831,7.6656342855,49.3288535479
0.4138730529,49.9507937863,34.64795016744758,7.6656342855,49.3288535479
12.7919286273,49.7355048965,22.228755155143055,16.3353725445,49.8783477474
18.8488489398,49.5721759078,16.20223184365045,25.3699411325,50.3402141104
12.0799470262,49.058474801,22.990598506041728,18.8488489398,49.5721759078
10.5994252037,48.9044753541,24.478632994340366,18.8488489398,49.5721759078
1.3798693594,46.3565674538,34.043780386543865,10.5994252037,48.9044753541
5.6519320488,48.4656618508,29.445548114257434,10.5994252037,48.9044753541
-1.7434471988,48.5488402817,36.8413951155954,5.6519320488,48.4656618508
-3.1826925037,48.6712784119,38.28256509703134,5.6519320488,48.4656618508
5.0018300519,47.850684573,30.17455666779195,10.5994252037,48.9044753541
-3.7779601728,45.1992186016,39.34597903224719,5.0018300519,47.850684573
-2.5091539422,46.6651279094,37.77853096826357,5.0018300519,47.850684573
31.6411461161,41.8134333599,8.848828892355659,35.0,50.0
30.8261836882,33.284232173,17.416876315514862,31.6411461161,41.8134333599
30.3686501561,30.529038634,20.209801013809333,30.8261836882,33.284232173
29.2645599869,25.7523180024,25.108976136613585,30.8261836882,33.284232173
27.7889789358,16.3649159381,34.61164191812928,29.2645599869,25.7523180024
26.9556404453,11.4755563311,39.57150990087963,27.7889789358,16.3649159381
28.0416400453,16.2069564239,34.73235708344651,29.2645599869,25.7523180024
29.7946149193,28.1583806566,22.64549830349124,30.8261836882,33.284232173
31.3864638081,35.8399987325,14.827690349675908,31.6411461161,41.8134333599
29.4587640641,34.1438196134,16.82289726686773,31.6411461161,41.8134333599
25.7970483915,30.0561376235,22.310820892203388,29.4587640641,34.1438196134
27.509545743,29.8963636309,21.496261621012067,29.4587640641,34.1438196134
27.9204368451,26.3545549927,24.762613506381896,29.4587640641,34.1438196134
26.789058518,24.0124998214,27.36362087746808,27.9204368451,26.3545549927
23.176906136,15.9601143619,36.18907023821767,26.789058518,24.0124998214
20.0145685016,8.63125004,44.171089504215544,23.176906136,15.9601143619
19.0565444826,4.0799595,48.822116874643974,20.0145685016,8.63125004
17.5118275996,-1.3463971381,54.46405772974669,19.0565444826,4.0799595
17.9514108705,2.6480553346,50.50001028847986,20.0145685016,8.63125004
18.7566821077,5.4021958231,47.63649991506711,20.0145685016,8.63125004
16.8249540343,0.971242882,52.468640354353234,20.0145685016,8.63125004
19.1035050556,2.4667838871,50.40251627124788,20.0145685016,8.63125004
17.8718086548,-0.9214316886,53.961143026489395,20.0145685016,8.63125004
19.1813519235,2.6772269403,50.18313083289766,20.0145685016,8.63125004
20.512140834,10.3019020917,42.44337597182112,23.176906136,15.9601143619
15.7200355002,1.8129960051,52.19149374282435,20.512140834,10.3019020917
13.3503841114,-2.0279371918,56.70458752951771,15.7200355002,1.8129960051
15.4843044336,2.0032606646,52.14629246145286,20.512140834,10.3019020917
17.6026536283,4.939094887,48.54459035216494,20.512140834,10.3019020917
19.3176438321,2.7935745171,50.04612587268244,20.512140834,10.3019020917
23.1011059072,17.3309863462,34.995371448522256,26.789058518,24.0124998214
25.884977199,18.2206636144,33.147318923084654,27.9204368451,26.3545549927
26.5305285414,16.8867021211,34.33194384298114,27.9204368451,26.3545549927
25.6264022992,9.366825909,41.90597728013615,26.5305285414,16.8867021211
25.5662647156,7.7841868992,43.48539063043054,26.5305285414,16.8867021211
25.6383053819,-1.2040290847,52.473895313125894,25.5662647156,7.7841868992
25.0131326168,1.006582391,50.28552871640319,25.5662647156,7.7841868992
24.8088129111,-2.7089077076,54.00663247939234,25.0131326168,1.006582391
25.9638399636,13.1394593647,38.12179400091631,26.5305285414,16.8867021211
24.9034002326,6.8633165917,44.48689419888362,25.9638399636,13.1394593647
24.9360138666,7.6067111004,43.747925490819306,26.5305285414,16.8867021211
24.2593347638,7.5708149798,43.92069112324918,26.5305285414,16.8867021211
27.9668002386,27.9829953925,23.161801836068047,29.4587640641,34.1438196134
26.2266381331,20.3687497921,30.97236520989896,27.9668002386,27.9829953925
24.3217519175,14.8537324206,36.80708954806008,26.2266381331,20.3687497921
25.4410792064,15.9454267842,35.46490227257697,26.2266381331,20.3687497921
24.3514560883,9.785948475,41.72001630678956,25.4410792064,15.9454267842
20.5716124892,2.3164774311,50.09140898120866,24.3514560883,9.785948475
22.9284088175,0.6531943601,50.96297369380343,24.3514560883,9.785948475
22.3490335059,-2.5231968584,54.19177175572299,22.9284088175,0.6531943601
21.8829834367,-3.3248198787,55.076063956722095,22.9284088175,0.6531943601
20.8873168672,1.7955673845,50.42900307418009,24.3514560883,9.785948475
18.8341291963,-2.391049416,55.09197850261252,20.8873168672,1.7955673845
23.1208216368,5.6225195797,46.061513896266916,24.3514560883,9.785948475
21.5966271968,-3.8859213477,55.69134346696973,23.1208216368,5.6225195797
21.4497373787,1.0416715122,50.93317814579996,24.3514560883,9.785948475
20.5839970271,4.2661154097,48.403002529025635,24.3514560883,9.785948475
25.7215303765,29.8021423966,22.551516357941292,29.4587640641,34.1438196134
26.9959908637,30.3983955976,21.30546939620819,29.4587640641,34.1438196134
22.8406666508,22.7103846374,30.04459016654134,26.9959908637,30.3983955976
20.7414685782,17.2822760075,35.864469533504405,22.8406666508,22.7103846374
22.1143369414,17.8072804655,35.00120043639919,22.8406666508,22.7103846374
20.9304704414,18.1301303291,35.007208335119984,22.8406666508,22.7103846374
19.8527440108,16.5886170774,36.85661774732028,22.8406666508,22.7103846374
19.6518841514,15.3698663695,38.04781091008286,22.8406666508,22.7103846374
20.0681502855,13.1256969116,40.02221943390528,22.8406666508,22.7103846374
15.8672484674,4.1152481388,49.96383716808561,20.0681502855,13.1256969116
13.8570414596,0.3574988872,54.225481410876014,15.8672484674,4.1152481388
14.8073301157,-0.7898499135,54.98214503179303,15.8672484674,4.1152481388
20.0668865403,16.8751906225,36.50549918098584,22.8406666508,22.7103846374
16.6352364267,10.4100239914,43.82496651611753,20.0668865403,16.8751906225
19.3250087434,14.856718458,38.649235596732844,22.8406666508,22.7103846374
16.0450411368,8.4141923998,45.878642869181355,19.3250087434,14.856718458
11.7456908975,0.8625960614,54.56835055921934,16.0450411368,8.4141923998
12.706400798,0.3641486062,54.593556775281655,16.0450411368,8.4141923998
12.266786515,0.6365703316,54.525411804622195,16.0450411368,8.4141923998
14.8549598354,1.5261608544,52.868726708046765,16.0450411368,8.4141923998
13.6719263487,3.2545357418,51.55787966878239,16.0450411368,8.4141923998
11.2386627622,-2.7132009761,58.00261808205866,13.6719263487,3.2545357418
25.25811118,28.6874225513,23.708952273327608,29.4587640641,34.1438196134
26.5293491816,26.9703973731,24.57141055597314,29.4587640641,34.1438196134
21.930931773,18.8909805306,33.867776468446046,26.5293491816,26.9703973731
25.4120074841,27.9498458825,24.22165049946392,29.4587640641,34.1438196134
21.8463552716,21.3771316715,31.699246891352658,25.4120074841,27.9498458825
29.3497385283,30.9865029562,19.98209574769939,29.4587640641,34.1438196134
34.1881733153,51.7231712469,1.9048311505574194,35.0,50.0
29.31941986,59.9890226814,11.498008942390602,34.1881733153,51.7231712469
25.0651909897,67.3860234447,20.031125815676397,29.31941986,59.9890226814
20.9895866882,75.7438902583,29.329754106789096,25.0651909897,67.3860234447
30.3986738033,59.77801516,10.806562275223698,34.1881733153,51.7231712469
26.2932020782,66.6322231555,18.79624720838418,30.3986738033,59.77801516
30.331825027,60.0901010932,11.11769917162339,34.1881733153,51.7231712469
27.9750019307,67.2804007158,18.684404119618577,30.331825027,60.0901010932
25.1741002133,72.3715957334,24.495197278712208,27.9750019307,67.2804007158
23.6168072959,76.0242367459,28.454180421872096,27.9750019307,67.2804007158
20.8645562872,83.5552215179,36.472323427018985,23.6168072959,76.0242367459
19.6735632113,86.9574850862,40.07702339997418,20.8645562872,83.5552215179
19.0677198844,88.2194498806,41.4768809923936,19.6735632113,86.9574850862
14.8623599002,95.2666339089,49.67856658107359,19.6735632113,86.9574850862
11.9576974046,102.2700068209,57.26040648691969,14.8623599002,95.2666339089
11.9288099379,103.1300606659,58.071372771139806,14.8623599002,95.2666339089
10.740141523,102.4443442029,57.95577682450216,14.8623599002,95.2666339089
10.1784104804,104.6313859454,60.21380546640596,10.740141523,102.4443442029
18.6477846104,88.7991906635,42.18512709085903,19.6735632113,86.9574850862
16.4892303937,92.2816429028,46.28078290122077,19.6735632113,86.9574850862
14.3865595548,99.1489534149,53.46278668333893,16.4892303937,92.2816429028
12.2395443948,104.8327455214,59.53857196650863,14.3865595548,99.1489534149
18.7899839621,88.7827633736,42.10491716348122,19.6735632113,86.9574850862
33.3231554916,51.942429375,2.5660941881026402,35.0,50.0
34.4866001767,58.2705256548,8.286445195937121,35.0,50.0
33.0433524845,66.2011120658,16.34728663609575,34.4866001767,58.2705256548
30.520466958,75.3726493764,25.859491849375743,33.0433524845,66.2011120658
29.9318720806,80.1546301319,30.677560329137513,30.520466958,75.3726493764
32.3789139759,72.4581416594,22.63949593545132,33.0433524845,66.2011120658
31.8351516048,81.7097639777,31.90708424291789,32.3789139759,72.4581416594
32.6097764397,87.4564416566,37.70573477386139,31.8351516048,81.7097639777
30.4912249267,80.162158925,30.571409448288716,32.3789139759,72.4581416594
30.1077065587,88.1616502515,38.58008897873206,30.4912249267,80.162158925
29.4407844713,96.7061129718,47.150539856559796,30.1077065587,88.1616502515
29.0717106245,103.6185951065,54.0728678440896,29.4407844713,96.7061129718
27.8791694502,103.7540274187,54.36938599184673,29.4407844713,96.7061129718
30.3179007657,96.872074137,47.29304862914621,30.1077065587,88.1616502515
29.3400598654,99.6894011052,50.27524648845176,30.3179007657,96.872074137
28.0252311043,95.7105378153,46.41095147714643,30.1077065587,88.1616502515
26.3262882765,100.0150878468,51.03864611981893,28.0252311043,95.7105378153
25.2496036642,103.9649333257,55.11951926572957,28.0252311043,95.7105378153
31.1327403451,77.5263766386,27.858686918974307,32.3789139759,72.4581416594
31.8976203682,85.6548727483,36.02309078301395,31.1327403451,77.5263766386
32.0999806509,90.1599055674,40.53266619375747,31.8976203682,85.6548727483
31.6024283896,89.4871633376,39.86673351681051,31.8976203682,85.6548727483
31.3630901908,97.8194130705,48.20241995434024,31.6024283896,89.4871633376
30.98662975,79.4437612711,29.762510516726415,32.3789139759,72.4581416594
30.71940041,84.2235089561,34.549722591872005,30.98662975,79.4437612711
31.0724794361,91.0090244447,41.344417967288194,30.71940041,84.2235089561
30.876413081,98.8926495254,49.23048076368059,31.0724794361,91.0090244447
30.6908416765,103.549145073,53.89067255490407,30.876413081,98.8926495254
32.3552256806,76.382768217,26.564193981410206,32.3789139759,72.4581416594
34.0515332693,61.2625417758,11.30992724189647,34.4866001767,58.2705256548
34.9579140332,67.2160013919,17.244328479077936,34.4866001767,58.2705256548
35.145488041,68.2648331164,18.30980114166474,34.9579140332,67.2160013919
35.2593100838,69.7913736233,19.837276937798926,34.9579140332,67.2160013919
36.3896078072,78.9275698964,29.043125909193662,35.2593100838,69.7913736233
37.2124144477,83.377400639,33.56838881928397,36.3896078072,78.9275698964
34.0268483585,67.9205684858,17.94743367406258,34.4866001767,58.2705256548
33.9904443983,71.9529288559,21.979958367436595,34.0268483585,67.9205684858
33.9160779521,71.2373992988,21.26611364130863,34.0268483585,67.9205684858
34.6503353211,65.1720698396,15.18993136831832,34.4866001767,58.2705256548
34.7598662701,73.3110497765,23.329648282440676,34.6503353211,65.1720698396
34.6544671524,69.8120395599,19.829902928288355,34.6503353211,65.1720698396
35.0580688822,77.6267881622,27.65506682902854,34.6544671524,69.8120395599
35.2349521176,84.7872663648,34.81772944630121,35.0580688822,77.6267881622
35.4895517382,90.5044205407,40.540549803242385,35.2349521176,84.7872663648
35.108343445,97.9701328117,48.015988216885056,35.4895517382,90.5044205407
34.631229487,100.5233941532,50.61344489735479,35.108343445,97.9701328117
34.4771155008,103.792149085,53.872123649412984,35.108343445,97.9701328117
35.2165149348,100.3539656422,50.4022740411264,35.108343445,97.9701328117
35.7397593871,94.0849713508,44.1291282878303,35.2349521176,84.7872663648
35.7750608905,96.2490710581,46.29351590082346,35.7397593871,94.0849713508
36.4075175007,86.8944163977,37.020425588062196,35.0580688822,77.6267881622
37.9185350492,93.8278973762,44.11664518099309,36.4075175007,86.8944163977
36.9021432283,90.9573927126,41.1133989749586,36.4075175007,86.8944163977
37.3684582399,91.8537622771,42.07201134461192,36.4075175007,86.8944163977
38.4870289512,98.1368810654,48.45392188488641,37.3684582399,91.8537622771
39.0047731622,103.6610590656,54.00230918624864,38.4870289512,98.1368810654
34.8247704046,83.8893106141,33.92193332195801,35.0580688822,77.6267881622
33.8795924675,93.5426893992,43.62147368742891,34.8247704046,83.8893106141
33.7357689185,91.2162399354,41.32934970798989,34.8247704046,83.8893106141
32.2746077026,98.7314367105,48.9852738630037,33.7357689185,91.2162399354
32.0946601941,100.4088685734,50.66731839081805,33.7357689185,91.2162399354
33.9517000543,91.4450978974,41.52799493800156,34.8247704046,83.8893106141
33.1351678249,95.7046756089,45.86512845703882,33.9517000543,91.4450978974
33.2017770202,98.1511354419,48.27583341452997,33.9517000543,91.4450978974
32.2167242613,104.9960285755,55.19124308773235,33.2017770202,98.1511354419
33.2735095617,89.6487094832,39.88658633249476,34.8247704046,83.8893106141
33.2120662644,89.608118011,39.86378258684654,34.8247704046,83.8893106141
32.7090801131,91.1630462933,41.497114913208115,34.8247704046,83.8893106141
33.7327073012,88.3855335791,38.5488786180255,34.8247704046,83.8893106141
33.2295436722,95.5601403544,45.741107481022645,33.7327073012,88.3855335791
31.8475200148,96.5298847109,46.90856679778772,33.7327073012,88.3855335791
35.9625789701,85.385554264,35.466378493630955,35.0580688822,77.6267881622
36.6128037709,91.3607003121,41.47679965921497,35.9625789701,85.385554264
36.9270740141,100.7244263789,50.84579809233635,36.6128037709,91.3607003121
30.9881358801,43.6873634569,7.479601182003122,35.0,50.0
33.8096713534,53.3857324122,3.5888809194424685,35.0,50.0
32.4018876446,61.9404348552,12.258643826179474,33.8096713534,53.3857324122
31.0337331976,71.0912180619,21.511139699557017,32.4018876446,61.9404348552
31.3485043229,70.8574007869,21.23761358052959,32.4018876446,61.9404348552
43.2803690602,46.8412128182,8.862417741960794,35.0,50.0
48.6816667687,45.135101511,14.526765253228353,43.2803690602,46.8412128182
56.7337045796,43.0997498459,22.832062918501325,48.6816667687,45.135101511
66.0945746641,41.1331134404,32.39728886932574,56.7337045796,43.0997498459
68.5325822994,41.0128094935,34.83826291044557,66.0945746641,41.1331134404
64.7049446336,39.852035448,31.439519965087193,56.7337045796,43.0997498459
67.2250283875,39.1966609606,34.043428151910526,64.7049446336,39.852035448
74.8620454413,37.0741471449,41.96990873145333,67.2250283875,39.1966609606
83.3982078491,35.0864647798,50.73443666151708,74.8620454413,37.0741471449
92.2145228553,33.8736656757,59.633778881897925,83.3982078491,35.0864647798
96.1224221971,32.9525497423,63.6487672789427,92.2145228553,33.8736656757
100.6830079512,32.17884826,68.270192830525,92.2145228553,33.8736656757
101.4842056144,31.9032874134,69.11056150844898,92.2145228553,33.8736656757
97.3282971165,31.4272822493,65.30259525425258,92.2145228553,33.8736656757
75.8487911562,36.7376929551,43.010914307065086,67.2250283875,39.1966609606
80.5334406753,34.9431543283,48.02751773965582,75.8487911562,36.7376929551
88.70270261,32.1796178954,56.65155242034351,80.5334406753,34.9431543283
98.0869995496,29.3481687844,66.45370183354716,88.70270261,32.1796178954
94.6771120751,31.5018939593,62.664278772859426,88.70270261,32.1796178954
101.5131113995,29.5837496833,69.76429033811401,94.6771120751,31.5018939593
101.7871255948,30.1671008117,69.89850056909962,94.6771120751,31.5018939593
102.0221340196,30.0126239823,70.1587615721979,94.6771120751,31.5018939593
95.4951260398,30.1565238271,63.73885978343188,88.70270261,32.1796178954
98.444485138,28.7672721591,66.99903451604605,95.4951260398,30.1565238271
101.4298516141,27.4353445235,70.26804724515812,98.444485138,28.7672721591
103.6807794186,26.0379159058,72.90396155627882,98.444485138,28.7672721591
101.3981731798,27.1918293291,70.34661471058519,98.444485138,28.7672721591
95.7811473064,30.1982130957,64.00208602684226,88.70270261,32.1796178954
102.4401744614,27.9962152997,71.01574676461796,95.7811473064,30.1982130957
101.7885984528,28.8194831562,70.1657185209529,95.7811473064,30.1982130957
99.856680121,29.1375692373,68.21337242380496,95.7811473064,30.1982130957
73.1552749179,37.6972772561,40.16024612632618,64.7049446336,39.852035448
79.5998032009,36.5379189597,46.70822722356664,73.1552749179,37.6972772561
78.4821810423,36.7073730679,45.57834903786137,73.1552749179,37.6972772561
80.3949077622,36.2434851673,47.544404518297796,73.1552749179,37.6972772561
86.337168923,36.3474357291,53.4875748357673,80.3949077622,36.2434851673
86.6318820053,35.5464572393,53.82020690855075,80.3949077622,36.2434851673
95.8332301449,33.5761445609,63.23014525249245,86.6318820053,35.5464572393
93.2189401114,32.6115306447,61.03152638620726,86.6318820053,35.5464572393
80.2978195489,34.1666055319,48.12777941021601,73.1552749179,37.6972772561
55.0260603928,42.7895775127,21.290847843212156,48.6816667687,45.135101511
60.9417357509,39.1093924939,28.25783978486327,55.0260603928,42.7895775127
64.0870038839,36.1989678698,32.54307993228009,60.9417357509,39.1093924939
62.9945844138,39.8968859383,29.768172870475105,55.0260603928,42.7895775127
71.1185874629,36.4839177823,38.57997048365575,62.9945844138,39.8968859383
77.7410445139,33.6009704036,45.80273470386208,71.1185874629,36.4839177823
86.4814752452,29.2337638659,55.573488119621956,77.7410445139,33.6009704036
91.7453623559,26.3523874666,61.574391174049396,86.4814752452,29.2337638659
84.3719160731,30.8900140216,52.96637498933943,77.7410445139,33.6009704036
90.9516034988,28.2029375502,60.07360135291236,84.3719160731,30.8900140216
96.457293813,25.9073927287,66.03867904422462,90.9516034988,28.2029375502
104.5588527463,20.9582329658,75.53233163468954,96.457293813,25.9073927287
92.6497166474,28.4297999155,61.602035693404574,84.3719160731,30.8900140216
92.9556554075,28.89328948,61.77929107063474,84.3719160731,30.8900140216
92.92654708,27.2988817648,62.24419491376373,84.3719160731,30.8900140216
100.8069558736,24.7537179476,70.52542076569122,92.92654708,27.2988817648
80.9577717786,32.2783212183,49.28077081104084,77.7410445139,33.6009704036
87.4448997189,29.6759070844,56.270433767016854,80.9577717786,32.2783212183
86.0007439325,29.7141849981,54.93124691966314,77.7410445139,33.6009704036
94.9843768368,26.0329215357,64.63986993422203,86.0007439325,29.7141849981
80.3007052822,33.8178561784,48.14130784426051,71.1185874629,36.4839177823
68.9654281331,37.436213203,36.22618224105929,62.9945844138,39.8968859383
77.8651667702,34.3091188548,45.6593188811825,68.9654281331,37.436213203
72.8079682153,35.4332294979,40.5594325230312,68.9654281331,37.436213203
81.4860955388,31.222634877,50.205105174766246,72.8079682153,35.4332294979
82.611955348,30.6252849448,51.47961969075702,81.4860955388,31.222634877
82.8204025163,30.4185589069,51.76296051975096,81.4860955388,31.222634877
91.2029149534,25.1759476675,61.64989570541994,82.8204025163,30.4185589069
94.6186543578,22.9414428243,65.73159725906825,91.2029149534,25.1759476675
102.9851028055,17.9721760184,75.46253103832302,94.6186543578,22.9414428243
101.4744599081,18.9550956249,73.66211008849413,94.6186543578,22.9414428243
102.7139312466,18.237395459,75.09437299713468,94.6186543578,22.9414428243
96.7468910639,21.2785316817,68.42673290872976,91.2029149534,25.1759476675
74.4197046973,35.248395578,42.10288869953091,68.9654281331,37.436213203
82.679853386,32.0792100062,50.95013649463293,74.4197046973,35.248395578
68.5849441171,36.3714949442,36.37729560148576,62.9945844138,39.8968859383
71.0943479957,35.6987304075,38.891257871912956,62.9945844138,39.8968859383
73.229938119,34.9199216668,41.164424876188534,71.0943479957,35.6987304075
73.4361785051,34.4058703746,41.566263890490646,71.0943479957,35.6987304075
81.8553766167,30.7236893757,50.75546155682851,73.4361785051,34.4058703746
85.7395350385,27.7748777792,55.632158848776484,81.8553766167,30.7236893757
86.1284049348,28.1549758697,55.741147074707804,81.8553766167,30.7236893757
86.8786638337,27.0898467485,56.95531854741559,81.8553766167,30.7236893757
88.822506488,27.3361404119,58.50248592917324,81.8553766167,30.7236893757
94.009633798,24.5776932364,64.37746001849241,88.822506488,27.3361404119
100.7904664699,21.1927783294,71.95620270128204,94.009633798,24.5776932364
104.6480226204,18.4770894936,76.67379798989563,100.7904664699,21.1927783294
102.3486429192,21.3660497413,73.31355128162727,94.009633798,24.5776932364
102.6446963055,20.4806127315,73.93519893374136,94.009633798,24.5776932364
91.7352173537,25.7797867632,61.804927642056086,88.822506488,27.3361404119
67.3258563361,38.5907209294,34.292107385405565,62.9945844138,39.8968859383
69.3234564444,37.9059434267,36.40381911310047,67.3258563361,38.5907209294
62.5444122996,39.0590968826,29.68382711913286,55.0260603928,42.7895775127
70.6243453366,33.5444585399,39.466288666881525,62.5444122996,39.0590968826
71.5475501643,32.8993977586,40.59252601551633,70.6243453366,33.5444585399
78.2696494231,28.7368297259,48.49756595131127,70.6243453366,33.5444585399
85.6532927204,24.9854097552,56.77955485122716,78.2696494231,28.7368297259
91.4212616639,22.5895710996,63.02531410025747,85.6532927204,24.9854097552
93.5792771447,20.9496308523,65.7357448464834,91.4212616639,22.5895710996
98.1940453602,19.9821230236,70.28268169918087,91.4212616639,22.5895710996
99.6581979929,17.3904738455,72.76583422731383,91.4212616639,22.5895710996
92.8448998151,21.4589974545,64.84326414152562,91.4212616639,22.5895710996
100.9592003167,16.9191198888,74.14124031603866,92.8448998151,21.4589974545
97.7493388071,19.9029296474,69.90009428750488,91.4212616639,22.5895710996
68.0924727697,36.0270926733,36.00632856279415,62.5444122996,39.0590968826
71.5727248714,34.2512632379,39.91346624593515,68.0924727697,36.0270926733
74.7852482141,32.0463885616,43.79344923567889,68.0924727697,36.0270926733
81.9083288066,27.0931806835,52.46942442068963,74.7852482141,32.0463885616
74.9663790049,32.4249118862,43.76688868132129,68.0924727697,36.0270926733
82.539942198,27.4535486509,52.826320885227425,74.9663790049,32.4249118862
86.6570262106,25.3012797317,57.472033130659845,82.539942198,27.4535486509
92.4329173447,22.5476944481,63.87071661298913,86.6570262106,25.3012797317
89.1170764208,24.6434271438,59.97862663018778,82.539942198,27.4535486509
71.2864785789,34.7973741827,39.428883262916116,68.0924727697,36.0270926733
72.7985511651,33.3379904816,41.42651716293127,68.0924727697,36.0270926733
72.8572798248,33.7581558902,41.2837768475275,68.0924727697,36.0270926733
44.7713788281,46.5958307962,10.373484406504092,43.2803690602,46.8412128182
50.0900467372,43.6603338733,16.378380815761798,43.2803690602,46.8412128182
41.1082427855,42.4193251466,9.735361377965582,35.0,50.0
44.9422801378,35.4119524368,17.72304656911335,41.1082427855,42.4193251466
49.8636599972,28.2528452483,26.410554581019895,44.9422801378,35.4119524368
56.4560467486,20.9662871443,36.23671823134663,49.8636599972,28.2528452483
57.9922285277,19.2547957142,38.53651330346601,56.4560467486,20.9662871443
55.7227346668,20.7114456838,35.96050030732584,49.8636599972,28.2528452483
59.8456801031,14.6212563626,43.3150285069295,55.7227346668,20.7114456838
63.7267203181,7.294857367,51.605902730627264,59.8456801031,14.6212563626
68.6408758624,1.4703562039,59.22651546928074,63.7267203181,7.294857367
56.7198492289,19.2694553503,37.713661330124175,55.7227346668,20.7114456838
52.786324275,23.7930184785,31.74272311711784,49.8636599972,28.2528452483
56.7386066837,15.0069764981,41.376780928833035,52.786324275,23.7930184785
56.6115301926,16.0400078816,40.38803245962755,52.786324275,23.7930184785
56.7571384143,18.8092887109,38.11492268440441,52.786324275,23.7930184785
57.2105618682,18.076201602,38.97154553024429,52.786324275,23.7930184785
60.000524144,12.3055220896,45.381274973459526,57.2105618682,18.076201602
63.0847621975,7.9354235339,50.73013333363216,60.000524144,12.3055220896
65.674207392,6.3262142972,53.62401743424836,60.000524144,12.3055220896
64.0129120876,5.0224721196,53.69644628110338,60.000524144,12.3055220896
64.9044211459,3.7821524642,55.21468921147651,60.000524144,12.3055220896
69.3906085604,-3.731681798,63.96589386214197,64.9044211459,3.7821524642
50.2049717463,27.3342884028,27.363823467909086,44.9422801378,35.4119524368
51.5147754121,22.6444066549,32.23317418974344,50.2049717463,27.3342884028
46.4223952944,34.3272096021,19.416402172910445,41.1082427855,42.4193251466
44.7804268828,36.8502269384,16.40617773708082,41.1082427855,42.4193251466
50.6636839954,29.3713846996,25.92173318517829,44.7804268828,36.8502269384
54.7874722728,23.832553033,32.82711412961232,50.6636839954,29.3713846996
61.2436724348,16.4991228384,42.59756544727824,54.7874722728,23.832553033
63.2176096686,13.5987049847,46.10596279208452,61.2436724348,16.4991228384
65.9837005418,10.2828401498,50.41485634117097,61.2436724348,16.4991228384
70.5671670088,4.8473678306,57.524886171410984,65.9837005418,10.2828401498
73.7298272423,0.1072095411,63.223264919974284,70.5671670088,4.8473678306
72.6953050183,1.5885132145,61.41707126417763,70.5671670088,4.8473678306
74.5683827696,0.1328913805,63.70841394793321,70.5671670088,4.8473678306
77.8644600086,-3.9704372228,68.97162882024404,74.5683827696,0.1328913805
65.2239331539,11.1722814566,49.24720562542829,61.2436724348,16.4991228384
63.749736585,13.8637565272,46.23425530470705,61.2436724348,16.4991228384
54.4630300991,23.1979878556,33.170585467381976,50.6636839954,29.3713846996
56.5565564087,20.4508688627,36.62449849033714,54.4630300991,23.1979878556
60.7855916192,15.371407882,43.23401153337613,56.5565564087,20.4508688627
65.3234398515,9.8361754467,50.39158547237148,60.7855916192,15.371407882
66.3472818101,7.5457430833,52.834710847549324,60.7855916192,15.371407882
70.8322733968,0.273358818,61.378873909836514,66.3472818101,7.5457430833
72.703046701,0.1057106189,62.619895077788584,66.3472818101,7.5457430833
71.8306077544,1.7983189312,60.77824581603634,66.3472818101,7.5457430833
72.1122850128,0.0801912465,62.26708733256566,66.3472818101,7.5457430833
72.3033749407,-0.2854693513,62.67355903096053,66.3472818101,7.5457430833
67.0846672948,6.4937973781,54.119361430289615,66.3472818101,7.5457430833
39.8312928405,54.5991403576,6.670343509863011,35.0,50.0
45.1436500079,60.2481472373,14.424852997955998,39.8312928405,54.5991403576
50.6174480768,67.0877947475,23.18517510178748,45.1436500079,60.2481472373
51.8584727312,66.1718437988,23.379127125883564,45.1436500079,60.2481472373
50.4287513054,65.9142802941,22.173230863173842,45.1436500079,60.2481472373
47.2861476465,62.5592243042,17.576261149966406,45.1436500079,60.2481472373
52.839071905,67.9466913854,25.313170699111428,47.2861476465,62.5592243042
54.5248817632,73.5335225864,31.14880586132568,52.839071905,67.9466913854
57.6220662607,74.798760343,33.66947873593987,52.839071905,67.9466913854
58.4756554507,75.3614270654,34.627105381721194,52.839071905,67.9466913854
64.0090682237,83.0197391286,44.07530100701146,58.4756554507,75.3614270654
65.8658418155,85.6146519311,47.2660972436559,64.0090682237,83.0197391286
69.9148376486,86.8982979425,51.140803888828515,64.0090682237,83.0197391286
67.2106080926,86.7480412539,48.989575548556,64.0090682237,83.0197391286
71.5520583004,90.4350976872,54.685413945942784,67.2106080926,86.7480412539
73.8442730432,93.2231871591,58.259582299926095,67.2106080926,86.7480412539
64.768992833,82.5740028518,44.19932272578617,58.4756554507,75.3614270654
71.147471885,88.2556808091,52.74136343203848,64.768992833,82.5740028518
66.0006155453,80.3341193327,43.646678143808515,58.4756554507,75.3614270654
70.896401162,87.2397530133,52.11169399348794,66.0006155453,80.3341193327
70.0244297904,85.6005981858,50.27441384985619,66.0006155453,80.3341193327
70.4648494696,86.8949393512,51.582277922402525,66.0006155453,80.3341193327
47.9571896746,64.0689450883,19.169797852672495,45.1436500079,60.2481472373
54.6390053305,70.0079298315,28.109495847537456,47.9571896746,64.0689450883
58.3071889523,75.4849875201,34.70144032602742,54.6390053305,70.0079298315
61.8331983443,74.7591211298,36.7309940858282,54.6390053305,70.0079298315
67.4251639738,80.0434871624,44.42479704457402,61.8331983443,74.7591211298
69.545768961,82.5583099445,47.71437135398043,67.4251639738,80.0434871624
69.4045354198,82.3697106146,47.479175356244895,67.4251639738,80.0434871624
63.4555052404,76.8423018879,39.37135802590384,61.8331983443,74.7591211298
69.6579622621,83.5076944474,48.47618812197227,63.4555052404,76.8423018879
74.1510712162,88.3478790467,55.08038489589675,69.6579622621,83.5076944474
76.4704963841,91.3256833683,58.85491157976423,74.1510712162,88.3478790467
82.3776281601,98.0421524035,67.79947205637957,76.4704963841,91.3256833683
82.9855225835,98.8559712267,68.81236113320084,76.4704963841,91.3256833683
77.9212149306,92.3621167173,60.587479202633645,74.1510712162,88.3478790467
85.403531175,97.9911624426,69.9507698719833,77.9212149306,92.3621167173
89.6259442922,102.7354451614,76.30191079690434,85.403531175,97.9911624426
84.1637837527,98.9286085243,69.64774852258508,77.9212149306,92.3621167173
88.4204877878,101.9229066575,74.85210732583083,84.1637837527,98.9286085243
89.3649961442,104.4904474406,77.26264592651393,84.1637837527,98.9286085243
88.929028392,104.3388007468,76.85730720233636,84.1637837527,98.9286085243
86.9104363499,99.9630735291,72.58274738729718,84.1637837527,98.9286085243
74.1101966652,89.27601005,55.76287845924788,69.6579622621,83.5076944474
75.2674386454,89.9680919741,57.03206104633201,69.6579622621,83.5076944474
81.081327727,97.5029307511,66.54915627799437,75.2674386454,89.9680919741
83.1641509623,99.992579567,69.7951544073866,81.081327727,97.5029307511
84.8199372737,102.2452908606,72.58796251357217,81.081327727,97.5029307511
82.5496758948,101.1412703718,70.47261923021364,81.081327727,97.5029307511
66.6041599782,79.33680843,43.34289970603772,61.8331983443,74.7591211298
42.64600765,46.1362106074,8.566813961691173,35.0,50.0
47.4971335338,43.7661118542,13.96596115735037,42.64600765,46.1362106074
44.4445255765,44.5587322441,10.959115096293901,42.64600765,46.1362106074
51.8059217948,38.2284278087,20.668023816003164,44.4445255765,44.5587322441
51.7724349052,39.6784811856,19.763381421413726,44.4445255765,44.5587322441
59.8579263035,37.7800150041,28.068761906032265,51.7724349052,39.6784811856
55.9901808655,37.2521946445,24.629205849519405,51.7724349052,39.6784811856
64.5038882339,33.1088712229,34.09759230818952,55.9901808655,37.2521946445
71.98557941,30.6448710172,41.97458411142394,64.5038882339,33.1088712229
79.2162562143,24.6491610608,51.367731876125404,71.98557941,30.6448710172
79.5474859682,27.5724083874,50.13684221849612,71.98557941,30.6448710172
81.4933516659,26.1198823365,52.56505663284026,79.5474859682,27.5724083874
88.0233669202,23.5182414913,59.59425532890824,81.4933516659,26.1198823365
69.7438840793,30.9603064798,39.76097353455082,64.5038882339,33.1088712229
77.8537344135,25.3941220316,49.59723714196332,69.7438840793,30.9603064798
78.5696019306,26.480829005,49.65839815098494,69.7438840793,30.9603064798
83.3090346277,24.3915405108,54.83791055104125,78.5696019306,26.480829005
80.1911122267,24.765345243,52.01894473558012,78.5696019306,26.480829005
82.7148912545,24.2433386048,54.36900181398042,78.5696019306,26.480829005
79.9770895346,24.8343222462,51.824501994799384,78.5696019306,26.480829005
86.6667114678,22.4669964409,58.69576694450248,78.5696019306,26.480829005
91.2773784623,19.1978938133,64.34778270208429,86.6667114678,22.4669964409
99.6700870788,14.3071008409,74.06155713946703,91.2773784623,19.1978938133
100.9096496204,14.0177889932,75.334434446892,99.6700870788,14.3071008409
103.3875885642,10.2739045352,79.54667242852554,99.6700870788,14.3071008409
101.0604907318,12.1734789405,76.60823433380129,99.6700870788,14.3071008409
92.0935766108,18.2497432334,65.56861860130968,86.6667114678,22.4669964409
86.7920636182,23.3172607726,58.46845150866106,78.5696019306,26.480829005
94.8834303564,18.6833479298,67.79279405528149,86.7920636182,23.3172607726
98.3185475212,16.0047011236,72.14884486401515,94.8834303564,18.6833479298
97.727933079,17.0216391346,71.08710306612487,94.8834303564,18.6833479298
96.1499943931,18.0998954121,69.1872836749891,94.8834303564,18.6833479298
99.2570244075,17.041678192,72.46957848126392,96.1499943931,18.0998954121
101.7679580148,14.5271616692,75.83459766591977,94.8834303564,18.6833479298
79.2413716644,26.2396165494,50.37216143386401,78.5696019306,26.480829005
87.2985739239,20.3410854298,60.357709872451714,79.2413716644,26.2396165494
91.2842945039,17.298683664,65.37190742005377,87.2985739239,20.3410854298
84.2451851056,24.10285625,55.81201487612027,78.5696019306,26.480829005
92.5391776882,20.5438842005,64.83734561850008,84.2451851056,24.10285625
99.6978027887,16.3848215822,73.1164588072691,92.5391776882,20.5438842005
77.3383827006,24.9049995347,49.474013815961364,69.7438840793,30.9603064798
67.6192285712,31.7862173538,37.482080256853784,64.5038882339,33.1088712229
57.3701299735,35.9852201857,26.46967450262129,51.7724349052,39.6784811856
63.4848944685,32.6230783075,33.447807694131676,57.3701299735,35.9852201857
64.2416034307,31.5955184723,34.623607823763365,57.3701299735,35.9852201857
64.7394183526,30.432997085,35.696461189994366,57.3701299735,35.9852201857
64.5970927104,31.6544194869,34.89492376262944,57.3701299735,35.9852201857
61.7942359753,32.6497356373,32.01026752934487,57.3701299735,35.9852201857
69.3428605048,27.7762230397,40.99541401264357,61.7942359753,32.6497356373
69.8372085849,26.8464066265,42.0484755429231,69.3428605048,27.7762230397
77.282948143,22.5311674569,50.51148461814866,69.3428605048,27.7762230397
77.7458572587,23.3693200193,50.48388853056607,69.3428605048,27.7762230397
76.2047705789,23.3585378142,49.15640369629322,69.3428605048,27.7762230397
84.6802311255,18.1831598203,59.08706172367074,76.2047705789,23.3585378142
92.355273867,12.1011896826,68.87974480032172,84.6802311255,18.1831598203
94.905981753,9.9028130334,72.24708360291501,92.355273867,12.1011896826
101.7985493873,3.5379288661,81.62894051168026,94.905981753,9.9028130334
97.7021497121,7.5915829948,75.87443091061746,92.355273867,12.1011896826
95.4610033429,9.5639731845,72.89010926452008,92.355273867,12.1011896826
90.8255342502,13.6700721205,66.71154276047145,84.6802311255,18.1831598203
95.3709637295,10.056237676,72.51849794744716,90.8255342502,13.6700721205
94.6099270357,10.8830105748,71.41147263382744,90.8255342502,13.6700721205
100.2206931525,7.1945202237,78.1260580631439,94.6099270357,10.8830105748
102.8890298397,5.1099905592,81.51210067930188,100.2206931525,7.1945202237
99.3797631807,7.1666451737,77.45818319781525,94.6099270357,10.8830105748
104.9349325073,2.522920002,84.69863136885257,99.3797631807,7.1666451737
103.1432454287,4.5220363501,82.05793911099957,99.3797631807,7.1666451737
89.1822707029,14.9511805169,64.6290875783634,84.6802311255,18.1831598203
96.5723505337,12.535802299,72.40387579677184,89.1822707029,14.9511805169
97.2380736374,9.9903869912,74.08981869832056,89.1822707029,14.9511805169
102.3731871226,6.3826519035,80.36557705639208,97.2380736374,9.9903869912
96.0040317874,12.141480638,72.0068133596248,89.1822707029,14.9511805169
102.8350794058,8.5258212543,79.73573335816187,96.0040317874,12.141480638
103.8095311304,9.2662001444,80.32504982599495,96.0040317874,12.141480638
76.7580323381,23.6340328817,49.48908887234933,69.3428605048,27.7762230397
81.6282907289,21.1565492786,54.95327607602265,76.7580323381,23.6340328817
85.1331152899,19.0980431272,59.01364752367067,76.7580323381,23.6340328817
94.0550036637,15.0104018968,68.82735747368517,85.1331152899,19.0980431272
72.0801841635,25.6107531231,44.485714969893294,69.3428605048,27.7762230397
78.9879850229,19.945810801,53.419319182407264,72.0801841635,25.6107531231
78.5874095109,20.2427294526,52.9213334919042,72.0801841635,25.6107531231
76.2668623784,23.1162215946,49.341515822108306,69.3428605048,27.7762230397
80.1752067031,19.5011694964,54.66540134239468,76.2668623784,23.1162215946
64.5660601417,30.3675832296,35.59870818402216,57.3701299735,35.9852201857
59.9973033977,35.0627206209,29.1949087266575,51.7724349052,39.6784811856
49.7342723501,43.3298991206,16.190387967341632,42.64600765,46.1362106074
46.4971460556,44.1678090428,12.891842486291562,42.64600765,46.1362106074
50.4620162985,42.0727707923,17.375987267079523,42.64600765,46.1362106074
58.0327173497,37.0588221061,26.456471606281234,50.4620162985,42.0727707923
67.0758175312,33.4961795698,36.17604375396857,58.0327173497,37.0588221061
70.3141792126,31.3042419815,40.08648832851022,67.0758175312,33.4961795698
58.944408312,37.5420261925,26.992567787165935,50.4620162985,42.0727707923
59.1622691071,37.9275597335,27.013267674723068,50.4620162985,42.0727707923
43.9229151494,51.906574474,9.124332358496176,35.0,50.0
51.4529999743,53.3469805773,16.79094485767814,43.9229151494,51.906574474
60.607421476,55.5578291127,26.208549875795413,51.4529999743,53.3469805773
55.8213149801,53.7561681879,21.17838266243002,51.4529999743,53.3469805773
59.8614462369,54.7156743932,25.31005815148489,51.4529999743,53.3469805773
65.0987949812,55.4809853432,30.603027329518206,59.8614462369,54.7156743932
66.730910344,55.7085412975,32.25090261079885,59.8614462369,54.7156743932
75.0098630265,57.1686070728,40.65761716449202,66.730910344,55.7085412975
75.9221385371,56.8159674065,41.50860579703955,66.730910344,55.7085412975
81.1056368343,57.160788532,46.70356067708099,75.9221385371,56.8159674065
84.9594541509,56.5852800319,50.54886520527741,75.9221385371,56.8159674065
80.6895861496,57.6267412436,46.344503950729084,75.9221385371,56.8159674065
88.7542988733,58.1974644718,54.429385911463925,80.6895861496,57.6267412436
92.7404049404,58.0952825941,58.41680145468258,88.7542988733,58.1974644718
97.7915096225,60.3239700352,63.713415426530496,88.7542988733,58.1974644718
97.6062433673,60.1419029524,63.49237450958623,88.7542988733,58.1974644718
95.9346724417,59.3199795074,61.69697179584984,88.7542988733,58.1974644718
103.7679705805,60.3380521663,69.59615097283572,95.9346724417,59.3199795074
94.217275144,59.1406056209,59.97317748053982,88.7542988733,58.1974644718
100.199554002,60.4831853873,66.10426064455092,94.217275144,59.1406056209
94.0388162134,58.7039993021,59.738124090365254,88.7542988733,58.1974644718
100.7630191831,59.5572610971,66.51624781810355,94.0388162134,58.7039993021
103.7403193151,59.6338492354,69.48408650209005,94.0388162134,58.7039993021
81.5216733745,57.1696928022,47.119302015052014,75.9221385371,56.8159674065
78.1754306069,56.7785430625,43.76220863102503,75.9221385371,56.8159674065
82.9045526725,56.2589017619,48.513206377417234,75.9221385371,56.8159674065
85.5782124467,58.5423003643,51.31778460205908,75.9221385371,56.8159674065
74.941783219,57.2670473543,40.60837678057606,66.730910344,55.7085412975
82.1285736523,58.5969477363,47.91717912830829,74.941783219,57.2670473543
86.3949167278,59.6777861175,52.31830339878075,82.1285736523,58.5969477363
92.7072230704,60.3563211036,58.66697421165095,86.3949167278,59.6777861175
98.7490525853,60.8502345795,64.72895857395282,92.7072230704,60.3563211036
96.1653722727,61.651297478,62.28607891014184,86.3949167278,59.6777861175
103.7201964076,62.6923134431,69.9122891058328,96.1653722727,61.651297478
98.9174220378,61.9444180442,65.05369477509065,96.1653722727,61.651297478
102.2105765475,62.0003321902,68.34135098944436,96.1653722727,61.651297478
103.0225542377,63.2180096614,69.31996343910131,96.1653722727,61.651297478
101.6423995579,62.6422635163,67.85203269829795,96.1653722727,61.651297478
102.8528840331,62.9512863783,69.0987718201732,96.1653722727,61.651297478
99.6538501475,62.4219166314,65.8586594568274,96.1653722727,61.651297478
66.3577612475,56.1913386827,31.971866750675677,59.8614462369,54.7156743932
73.9211897015,57.7019383529,39.68467177494443,66.3577612475,56.1913386827
81.3728844817,60.1776987487,47.536878129509475,73.9211897015,57.7019383529
87.8828461649,60.9850050379,54.096706218820515,81.3728844817,60.1776987487
89.2704219132,61.5701525616,55.55623128939733,81.3728844817,60.1776987487
91.3139653341,62.0193716423,57.64856670599971,89.2704219132,61.5701525616
96.1166781126,63.6269545776,62.704773691932594,89.2704219132,61.5701525616
96.9461759933,63.2711760586,63.418208244051804,89.2704219132,61.5701525616
50.4621622406,53.3449059174,15.819894311076467,43.9229151494,51.906574474
54.5995361545,54.095069332,20.02472582399402,50.4621622406,53.3449059174
63.4586483629,57.9944313871,29.704028152043065,54.5995361545,54.095069332
62.5572547916,58.1196390137,28.942261752158682,54.5995361545,54.095069332
64.0180531186,57.2238786063,29.949337115021244,54.5995361545,54.095069332
73.4809576412,59.2622614348,39.62929406530607,64.0180531186,57.2238786063
80.3102162968,61.2613352898,46.745126417380696,73.4809576412,59.2622614348
87.6314168525,62.5629965831,54.18114011419819,80.3102162968,61.2613352898
91.8724624038,63.5775978979,58.54186060469004,87.6314168525,62.5629965831
100.6896469975,67.8795672642,68.35255296496535,91.8724624038,63.5775978979
98.3591941855,65.4088784438,65.2821334215357,91.8724624038,63.5775978979
82.0200153427,62.8415073058,48.88815508784102,73.4809576412,59.2622614348
87.7136268821,65.3526603768,55.110944021075184,82.0200153427,62.8415073058
93.7858140671,68.6456288284,62.01855565121995,87.7136268821,65.3526603768
95.1993689213,69.3511546888,63.5983987021353,93.7858140671,68.6456288284
96.9812883521,69.4440012668,65.31225485674751,93.7858140671,68.6456288284
104.6975841488,73.1289363016,73.86327625964827,96.9812883521,69.4440012668
98.5158110525,69.7630504885,66.8787513929935,93.7858140671,68.6456288284
95.3080254408,67.5964030888,63.02986255999435,87.7136268821,65.3526603768
102.0179022622,70.1837243567,70.22129345389082,95.3080254408,67.5964030888
88.7925760987,66.7172575999,56.69129673309695,82.0200153427,62.8415073058
88.2916396038,66.5873640192,56.19327065090652,82.0200153427,62.8415073058
85.1531559915,63.8328278814,52.17438192249057,82.0200153427,62.8415073058
92.3894868819,67.483054576,60.27923476984861,85.1531559915,63.8328278814
91.2953466301,67.4378937274,59.29639045905532,85.1531559915,63.8328278814
92.5220551874,66.4845262674,60.00586835162078,85.1531559915,63.8328278814
80.7551711911,61.4036476012,47.21215088072847,73.4809576412,59.2622614348
89.417522993,64.0633929861,56.273639955509566,80.7551711911,61.4036476012
96.7197427299,67.0092330075,64.14767237337868,89.417522993,64.0633929861
74.6575721098,59.6472632355,40.867295678496085,73.4809576412,59.2622614348
84.4206599525,61.347891008,50.77739250167974,74.6575721098,59.6472632355
90.9681910241,63.3458022654,57.622961325817954,84.4206599525,61.347891008
71.5071399181,60.4670915636,38.11051664844923,64.0180531186,57.2238786063
75.2383722459,62.7076179786,42.46276357392721,71.5071399181,60.4670915636
76.6749928566,62.0672670777,43.52043953790785,71.5071399181,60.4670915636
82.5832676802,65.7854789073,50.50132849283064,76.6749928566,62.0672670777
80.4327010205,64.9849895262,48.27790471713108,76.6749928566,62.0672670777
72.0855639988,58.6463294306,38.14129037109499,64.0180531186,57.2238786063
62.8653829933,57.8359393035,29.09767088644041,54.5995361545,54.095069332
61.4660307337,56.3255196131,27.244397302852466,54.5995361545,54.095069332
70.5614036965,58.9953451211,36.723520552162,61.4660307337,56.3255196131
74.0243852005,60.3323897913,40.43565327435236,70.5614036965,58.9953451211
63.1803274081,58.0459833483,29.47140249370459,54.5995361545,54.095069332
64.6150581428,58.7001092031,31.048213489039995,63.1803274081,58.0459833483
55.7878121179,54.3730342963,21.243877587146287,50.4621622406,53.3449059174
39.2857452489,49.3129817295,4.34046154717096,35.0,50.0
48.8226563132,47.9447600085,13.97501931212229,39.2857452489,49.3129817295
54.8248796206,47.0891422503,20.037920134339572,48.8226563132,47.9447600085
60.748851687,46.3565512156,26.007018447117666,54.8248796206,47.0891422503
68.2578019996,44.0836156869,33.85243562625623,60.748851687,46.3565512156
70.1111849015,44.2549656068,35.60232695130059,60.748851687,46.3565512156
74.3967791764,43.6213406635,39.93450871778127,70.1111849015,44.2549656068
72.0650949629,43.6023241872,37.66235252168016,70.1111849015,44.2549656068
77.7555772315,42.3980643808,43.46901725015456,70.1111849015,44.2549656068
84.3430522504,41.2191066108,50.16115954900588,77.7555772315,42.3980643808
88.0027343608,41.3987714478,53.82524914982571,84.3430522504,41.2191066108
91.120983001,39.9994197939,57.047957149578195,84.3430522504,41.2191066108
100.5620058654,39.4775893825,66.50339049260302,91.120983001,39.9994197939
101.6983247114,39.5408855817,67.64147086261559,100.5620058654,39.4775893825
104.1142399453,39.2713928867,70.07237043480043,101.6983247114,39.5408855817
95.3169818924,39.3701379496,61.29088094528743,91.120983001,39.9994197939
102.5731896386,37.8940216941,68.69570842847462,95.3169818924,39.3701379496
102.0783444309,38.5595057939,68.10066419212328,95.3169818924,39.3701379496
103.6020593165,37.4438781848,69.79693670602748,95.3169818924,39.3701379496
99.6379267911,39.8518476352,65.56617932710716,91.120983001,39.9994197939
104.7101957415,40.417735219,70.66991727714839,99.6379267911,39.8518476352
87.081072374,40.6057815436,52.965181603266444,77.7555772315,42.3980643808
82.7765082799,41.1115365319,48.65215360749481,77.7555772315,42.3980643808
87.2758202986,41.9316799622,53.000677256815436,77.7555772315,42.3980643808
79.5411614597,43.5382535443,45.059500634211076,70.1111849015,44.2549656068
74.9982228542,43.3429628496,40.57373409417982,70.1111849015,44.2549656068
72.3167594049,44.8480801179,37.88625858629441,70.1111849015,44.2549656068
72.4038684061,44.7644001434,37.950926789362796,70.1111849015,44.2549656068
70.5524799308,45.9785940968,35.817929634478645,60.748851687,46.3565512156
79.8633759479,46.259006798,45.13304723568169,70.5524799308,45.9785940968
78.4203203279,45.2808632267,43.71664730770441,70.5524799308,45.9785940968
73.1734367621,46.1950215161,38.44780711059097,70.5524799308,45.9785940968
82.0900913864,45.6213962681,47.38289388208871,73.1734367621,46.1950215161
85.985453813,45.6930268569,51.27891484915484,82.0900913864,45.6213962681
87.0112316055,45.1382830023,52.32769109568964,82.0900913864,45.6213962681
96.5498071198,44.0848750804,61.924257726101004,87.0112316055,45.1382830023
95.3818413308,43.7891410285,60.80632844132224,87.0112316055,45.1382830023
102.5303248306,42.9147447028,68.00809109232029,95.3818413308,43.7891410285
102.2321657538,42.364629248,67.80319763497833,95.3818413308,43.7891410285
70.8889502608,46.1682477541,36.204168929084425,70.5524799308,45.9785940968
80.2683314653,46.266731865,45.53805280313804,70.5524799308,45.9785940968
83.5164567723,46.4550607739,48.791633259789045,80.2683314653,46.266731865
77.3887919253,45.0231562658,42.72068438421809,70.5524799308,45.9785940968
85.1402246082,43.7397042037,50.57765312752101,77.3887919253,45.0231562658
47.2814066303,47.7944669484,12.479041771413424,39.2857452489,49.3129817295
48.7086576813,47.9751652998,13.857868311003937,39.2857452489,49.3129817295
55.5738579594,48.1817277101,20.72617544506349,48.7086576813,47.9751652998
62.8292374135,48.0739187033,27.982355831804412,55.5738579594,48.1817277101
64.1576140628,48.2646858035,29.31033241519848,55.5738579594,48.1817277101
68.1133868954,48.546292284,33.27611618552634,64.1576140628,48.2646858035
75.7175885588,47.4934354715,40.95285966211087,68.1133868954,48.546292284
77.5200023266,47.6940510658,42.72125932708269,68.1133868954,48.546292284
86.6903193721,46.7557611589,51.939453437882186,77.5200023266,47.6940510658
92.2262084892,45.6925713928,57.57651302560751,86.6903193721,46.7557611589
99.4709657936,45.1603087593,64.84079632891263,92.2262084892,45.6925713928
88.4029833034,47.1239475746,53.69124651307172,86.6903193721,46.7557611589
97.0883772118,46.6839275311,62.387779441932125,88.4029833034,47.1239475746
102.4972618426,47.2052107456,67.82172544267817,97.0883772118,46.6839275311
104.0077406649,48.5116797667,69.54447342944039,97.0883772118,46.6839275311
96.6647726688,46.2885746435,61.92484185337314,86.6903193721,46.7557611589
98.7432467009,45.8075977064,64.05824128061037,96.6647726688,46.2885746435
97.1338665095,46.217393407,62.399305550416805,96.6647726688,46.2885746435
101.7405889831,45.9264533312,67.01520612088817,97.1338665095,46.217393407
104.9892788315,45.1767067373,70.323273438715,96.6647726688,46.2885746435
71.1843394745,48.4836572039,36.34046886377641,64.1576140628,48.2646858035
74.5252776477,48.7032344902,39.68861492716787,71.1843394745,48.4836572039
82.6964366638,50.4100276993,48.03612849259694,74.5252776477,48.7032344902
83.9722423333,48.5605023146,49.136657806247385,74.5252776477,48.7032344902
92.4015474244,48.6612675812,57.566565157920785,83.9722423333,48.5605023146
84.5041783508,48.5069710663,49.66944548248193,74.5252776477,48.7032344902
84.0724484752,49.0197856092,49.24103218252305,74.5252776477,48.7032344902
93.9236804739,49.5880867949,59.10864274080305,84.0724484752,49.0197856092
91.8698353462,50.1282913849,57.116819576225566,84.0724484752,49.0197856092
88.6302436236,49.2905150118,53.80686080657484,84.0724484752,49.0197856092
94.7433896601,49.6946683681,59.93335200455955,88.6302436236,49.2905150118
78.824905069,49.2197209071,44.016407397859744,71.1843394745,48.4836572039
84.6708577344,49.9893455118,49.91280329690325,78.824905069,49.2197209071
90.7383444698,50.6247819404,56.01347332068316,84.6708577344,49.9893455118
80.5366555218,51.1491174037,46.06520503116433,71.1843394745,48.4836572039
79.4385646872,48.4953474883,44.59470235482338,71.1843394745,48.4836572039
45.5770032264,48.520778011,10.681401041525298,39.2857452489,49.3129817295
50.2465316604,47.5532959668,15.450102888127148,45.5770032264,48.520778011
32.8517458676,54.5344394919,5.01758281676307,35.0,50.0
41.4223092817,48.6783608842,6.556888474133337,35.0,50.0
48.739432883,45.9813027496,14.355248582394143,41.4223092817,48.6783608842
45.2500931389,47.6046143134,10.532421263049265,41.4223092817,48.6783608842
48.182385624,47.2428061362,13.467709669058687,41.4223092817,48.6783608842
57.5784264562,45.3708227084,23.048414511309467,48.182385624,47.2428061362
62.7582243901,43.5108206909,28.552041873435172,57.5784264562,45.3708227084
72.7013708778,42.5058109435,38.54585029006144,62.7582243901,43.5108206909
81.6729058103,40.6170442462,47.71404960518855,72.7013708778,42.5058109435
64.6560407701,42.6180375978,30.64252079457041,57.5784264562,45.3708227084
71.8167703662,39.9181563952,38.295324650453246,64.6560407701,42.6180375978
66.914724174,42.4160477248,32.84112354809321,57.5784264562,45.3708227084
73.9665486487,40.9546457917,40.042784747569776,66.914724174,42.4160477248
80.770259502,39.9051115618,46.92696977377615,73.9665486487,40.9546457917
87.1743044012,38.7555664181,53.433370092567934,80.770259502,39.9051115618
88.6892286887,37.9332275355,55.15709769131815,87.1743044012,38.7555664181
94.6336380899,37.5341591346,60.992040268700876,87.1743044012,38.7555664181
101.7277383945,36.1468277918,68.22052194789471,94.6336380899,37.5341591346
87.7602868352,37.5175358141,54.31351159453966,80.770259502,39.9051115618
93.9599536308,35.8724656242,60.72772427468699,87.7602868352,37.5175358141
103.0585272599,33.6343190765,70.09753441433952,93.9599536308,35.8724656242
103.0000191862,32.7801621393,70.28204926856564,93.9599536308,35.8724656242
104.0933077887,32.4133951168,71.4352179540362,103.0000191862,32.7801621393
97.0765875537,34.2922623468,64.17230705932099,87.7602868352,37.5175358141
93.4889250117,36.0472894058,60.22780951216034,87.7602868352,37.5175358141
75.8192715108,39.1864722013,42.31324692858726,66.914724174,42.4160477248
47.5620429962,46.3241739384,13.132489303011491,41.4223092817,48.6783608842
55.2982326742,43.8573376996,21.252459239104276,47.5620429962,46.3241739384
27.518391265,53.9317496156,8.45181189470039,35.0,50.0
20.7814099008,56.9699455837,15.84218080580065,27.518391265,53.9317496156
13.05018716,59.5417542932,23.98994154763169,20.7814099008,56.9699455837
3.6858967166,62.2085062754,33.726547816908486,13.05018716,59.5417542932
-3.0228789286,63.4675545136,40.55244505637402,3.6858967166,62.2085062754
-2.6900895688,65.8367291869,41.06256871431209,3.6858967166,62.2085062754
6.9389484517,60.3149680924,30.149900811222444,13.05018716,59.5417542932
1.8535037321,61.9712879154,35.498278448615885,6.9389484517,60.3149680924
10.758077158,60.6859752035,26.55177873075559,13.05018716,59.5417542932
2.4506604276,64.5778312266,35.725639206971124,10.758077158,60.6859752035
-2.0670666867,66.4018712966,40.59770041925562,2.4506604276,64.5778312266
2.0407464368,63.2911141805,35.650053511847986,10.758077158,60.6859752035
15.3623251932,60.4891106937,22.30368234488469,20.7814099008,56.9699455837
10.3208674303,63.5921913584,28.22359839046673,15.3623251932,60.4891106937
3.736294712,67.9156041167,36.10068514644523,10.3208674303,63.5921913584
-2.7370495657,72.9080851558,44.27558900296883,3.736294712,67.9156041167
-3.9128382166,72.8232109266,45.188800416399154,3.736294712,67.9156041167
10.0091447943,63.2631132132,28.332913669138186,15.3623251932,60.4891106937
12.9436819311,63.8757973038,26.465350450864836,15.3623251932,60.4891106937
10.1867188588,65.1864079553,29.293067331599637,15.3623251932,60.4891106937
6.6887683594,65.3979835084,32.27000666531795,15.3623251932,60.4891106937
7.4598813882,65.9332782693,31.89990965994957,15.3623251932,60.4891106937
11.7768359253,62.1700865345,26.26365874223599,15.3623251932,60.4891106937
7.4511273218,65.3330268425,31.58002728333159,15.3623251932,60.4891106937
1.1929187967,69.006961647,38.836953002349986,7.4511273218,65.3330268425
11.0015342493,63.0302941839,27.35087078868836,15.3623251932,60.4891106937
2.8565143837,67.9649755521,36.87412804745644,11.0015342493,63.0302941839
5.7898941356,65.7553287125,33.23194261759755,11.0015342493,63.0302941839
13.0953016973,61.0625292311,24.54996469304061,20.7814099008,56.9699455837
8.0241331689,64.0353833083,30.428281765788498,13.0953016973,61.0625292311
1.8159387565,66.8227880517,37.233522618666775,8.0241331689,64.0353833083
7.6364955394,63.1313526828,30.387652175582893,13.0953016973,61.0625292311
9.6592085836,62.4356537617,28.250262905692132,13.0953016973,61.0625292311
2.8106334878,65.2302655161,35.64707544222722,9.6592085836,62.4356537617
5.702692457,64.380619389,32.653074816673495,13.0953016973,61.0625292311
36.0108513873,55.4984079616,5.590555485762808,35.0,50.0
37.011068815,63.2974884874,13.453512432776293,36.0108513873,55.4984079616
37.9858235392,68.3575246706,18.60658073696589,37.011068815,63.2974884874
38.7349709846,74.801435726,25.0938923207312,37.9858235392,68.3575246706
39.6005838748,81.6009659029,31.948299392262204,38.7349709846,74.801435726
41.0715923232,83.2380156624,33.84807305357354,38.7349709846,74.801435726
43.3134329127,92.9066014641,43.77316250574296,41.0715923232,83.2380156624
46.1431193508,100.5288696204,51.90372811857163,43.3134329127,92.9066014641
45.043348751,100.6263807906,51.68439513141248,43.3134329127,92.9066014641
43.3787303067,94.5795027021,45.44733761658564,43.3134329127,92.9066014641
45.4241181392,102.2127571047,53.315673964077,43.3134329127,92.9066014641
43.1280302068,94.9224062078,45.79747545785249,43.3134329127,92.9066014641
44.0474843175,96.2344408136,47.18099850546029,43.3134329127,92.9066014641
46.7342610049,102.7472335821,54.22622657936832,44.0474843175,96.2344408136
41.4239959061,83.8516748549,34.53516783406735,38.7349709846,74.801435726
43.0284855061,90.0442837049,40.93226023965338,41.4239959061,83.8516748549
39.2076355901,78.6199301056,28.941529408130343,38.7349709846,74.801435726
41.418441553,84.4605727257,35.186588993220205,39.2076355901,78.6199301056
39.8683035309,84.7622843677,35.11931202077859,39.2076355901,78.6199301056
42.9091213381,93.8167833169,44.670779141469964,39.8683035309,84.7622843677
41.68648343,90.1184088351,40.775622430910985,39.8683035309,84.7622843677
42.0850922836,95.9945992517,46.66531706054247,41.68648343,90.1184088351
42.8856461932,97.1509364489,47.90965607055027,41.68648343,90.1184088351
38.675528183,74.8282836824,25.113993024847314,37.9858235392,68.3575246706
39.0926719974,81.421765288,31.720656982192033,38.675528183,74.8282836824
39.4098730671,82.5938008563,32.91415452233824,38.675528183,74.8282836824
37.0810286157,70.6209412225,20.777299317780358,37.011068815,63.2974884874
38.2960614184,78.2285566664,28.48133186274685,37.0810286157,70.6209412225
37.8610700673,81.5611237807,31.84216822395899,38.2960614184,78.2285566664
38.0438008506,81.3672425239,31.63013866948132,38.2960614184,78.2285566664
37.996212858,82.9856949473,33.24791069696099,38.2960614184,78.2285566664
38.9258062348,85.5403513813,35.82019556815944,38.2960614184,78.2285566664
39.0517600133,95.2401146136,45.52077653617354,38.9258062348,85.5403513813
38.7459887246,89.9908347504,40.27431013287488,38.9258062348,85.5403513813
40.2944352153,98.7213921501,49.14112010287072,38.7459887246,89.9908347504
38.0324999342,83.8041058134,34.06310693404507,38.2960614184,78.2285566664
38.5990915392,93.4504227236,43.72604934196963,38.0324999342,83.8041058134
39.0240799155,99.8914163716,50.18104851265637,38.5990915392,93.4504227236
38.8164799598,99.6110101938,49.89047110750418,38.5990915392,93.4504227236
39.6699450117,102.1804804992,52.521538863586905,38.5990915392,93.4504227236
38.233210393,102.1296974785,52.41303266670263,38.5990915392,93.4504227236
38.3138855696,62.2959539604,12.76764389615905,36.0108513873,55.4984079616
40.4614168247,71.0176126903,21.749805189103654,38.3138855696,62.2959539604
41.148932484,75.5096724986,26.294173033273722,40.4614168247,71.0176126903
42.2896275826,85.3881361171,36.23827826049242,41.148932484,75.5096724986
40.8377078669,70.2540341511,21.116339561348937,38.3138855696,62.2959539604
43.0657264547,77.2354315332,28.444639243701936,40.8377078669,70.2540341511
45.1607306534,85.248353372,36.726906987942556,43.0657264547,77.2354315332
45.025478311,84.7919266787,36.2511266882724,43.0657264547,77.2354315332
46.2057584122,87.8845994082,39.56136621572079,45.025478311,84.7919266787
48.9109068541,94.6872204792,46.88212311158388,46.2057584122,87.8845994082
52.2862912712,101.1931981581,54.211581858418235,48.9109068541,94.6872204792
39.1675276584,65.6671305886,16.245220160497876,38.3138855696,62.2959539604
41.5437688225,74.3011170587,25.200232412629816,39.1675276584,65.6671305886
41.198626547,74.5595895276,25.36668871973071,39.1675276584,65.6671305886
42.6874916798,81.6425506413,32.604440962095325,41.198626547,74.5595895276
43.5461865707,86.0006259503,37.0463073845098,42.6874916798,81.6425506413
45.8838986183,94.9723449513,46.31758774109478,43.5461865707,86.0006259503
43.6359695573,83.5821475479,34.712660802908474,41.198626547,74.5595895276
45.8083240719,90.88262115,42.329486844775396,43.6359695573,83.5821475479
46.6035866664,93.6192955385,45.179369176185354,45.8083240719,90.88262115
46.3464373922,98.0667087091,49.53369950142981,45.8083240719,90.88262115
47.2675788646,98.8448370887,50.73951266577749,46.3464373922,98.0667087091
47.4424941374,104.5779923922,56.1365894437583,46.3464373922,98.0667087091
47.0446347095,103.1799188136,54.69435808988979,46.3464373922,98.0667087091
48.0898171354,97.229760608,49.07421737298029,45.8083240719,90.88262115
50.5752174095,104.1356458773,56.41373138108949,48.0898171354,97.229760608
40.8499776297,64.1886922215,15.537322966092791,36.0108513873,55.4984079616
38.805394848,63.4148337256,13.985748755167869,36.0108513873,55.4984079616
41.9708170023,72.0007668612,23.136603645500657,38.805394848,63.4148337256
43.9182714502,77.6157015714,29.079672770662683,41.9708170023,72.0007668612
46.0145733975,81.288719077,33.30880263987902,43.9182714502,77.6157015714
48.5666964003,86.7376031742,39.32575117930829,46.0145733975,81.288719077
48.8387239216,87.4716017784,40.10614511190775,46.0145733975,81.288719077
50.9816198507,94.0713943764,47.045112275655455,48.8387239216,87.4716017784
54.4216822764,102.7089532523,56.34250184624741,50.9816198507,94.0713943764
53.6627722914,103.0503100101,56.415784843159564,50.9816198507,94.0713943764
48.5384227813,90.5583988203,42.91592386610772,46.0145733975,81.288719077
49.0318840015,91.4382185424,43.92467890041357,48.5384227813,90.5583988203
39.8678554159,66.2366036769,17.000911788305885,38.805394848,63.4148337256
42.4509173752,72.7456389721,24.003750466994834,39.8678554159,66.2366036769
40.4682275135,67.3274168537,18.237021412590188,38.805394848,63.4148337256
43.747059315,73.5349319634,25.257276523316687,40.4682275135,67.3274168537
47.1577668527,80.9366475923,33.40702008730852,43.747059315,73.5349319634
47.7490652088,82.2776087474,34.87239215046868,43.747059315,73.5349319634
51.2976568612,89.5607408727,42.97402879191711,47.7490652088,82.2776087474
53.4077494987,96.8613231667,50.57343618791175,51.2976568612,89.5607408727
54.1954053991,97.6580114017,51.574187895603124,51.2976568612,89.5607408727
56.1312993624,100.7918228773,55.2577269278035,54.1954053991,97.6580114017
56.1044245232,100.6587112388,55.13066839302632,54.1954053991,97.6580114017
55.594372634,101.9559143092,56.0940417346803,54.1954053991,97.6580114017
41.7435232841,70.2647514062,21.43920238003306,38.805394848,63.4148337256
44.4514724342,76.5858210688,28.315895646347133,41.7435232841,70.2647514062
38.8922997577,60.4396829942,11.31060300821198,36.0108513873,55.4984079616
41.9294529187,67.7841814581,19.25830437461986,38.8922997577,60.4396829942
44.8532058226,74.2592241018,26.36284575888931,41.9294529187,67.7841814581
48.3250729791,81.0102861993,33.95433447960045,44.8532058226,74.2592241018
49.3180454867,81.8676556158,35.18458160447826,44.8532058226,74.2592241018
49.2658790147,82.9673519538,36.12518028435279,44.8532058226,74.2592241018
53.996409479,91.4732268332,45.858002379597224,49.2658790147,82.9673519538
52.4220307209,89.9246699815,43.76491638785195,49.2658790147,82.9673519538
55.3730968051,95.5212524128,50.09188453568162,52.4220307209,89.9246699815
55.5161991046,94.0264723853,48.90287911119941,52.4220307209,89.9246699815
59.7113345202,99.3197246458,55.65696532981624,55.5161991046,94.0264723853
55.4016742818,96.0037316723,50.53494347720432,52.4220307209,89.9246699815
58.1718630353,103.5847182441,58.60620751277086,55.4016742818,96.0037316723
57.8351641756,98.0567465034,53.533881653243654,52.4220307209,89.9246699815
46.3524059445,78.2731044915,30.647567078686343,44.8532058226,74.2592241018
40.8275031116,66.1973731208,17.384811402306877,38.8922997577,60.4396829942
33.7509726957,53.6069242782,3.8170632632372623,35.0,50.0
32.0066433617,60.3355555262,10.768118096643118,33.7509726957,53.6069242782
30.1239100487,70.0646850876,20.67774204260531,32.0066433617,60.3355555262
29.9518848161,73.5142067671,24.13155044753915,30.1239100487,70.0646850876
26.3301588296,78.2461287446,29.69597738135581,30.1239100487,70.0646850876
29.1418801659,71.8718546309,22.734497849438814,30.1239100487,70.0646850876
28.334841978,77.6723042615,28.492896171391845,30.1239100487,70.0646850876
27.4587759712,79.6694675464,30.645429122962717,30.1239100487,70.0646850876
24.1540547602,86.5099120757,38.24232741376954,27.4587759712,79.6694675464
21.498044687,94.6312140048,46.78691251385153,24.1540547602,86.5099120757
19.9409361623,102.9547612451,55.25485356343373,21.498044687,94.6312140048
18.9554419377,102.0812488422,54.658878457580045,21.498044687,94.6312140048
26.6892650157,81.6376037476,32.758651121974765,27.4587759712,79.6694675464
27.296723737,79.8896334192,30.918804209894567,27.4587759712,79.6694675464
26.1466408209,88.8163452646,39.88594158950679,27.4587759712,79.6694675464
25.7501160141,91.0025268269,42.10779256240039,26.1466408209,88.8163452646
23.7411153647,95.4342008223,46.92743041666593,26.1466408209,88.8163452646
22.6366286811,101.080737321,52.68097413036108,23.7411153647,95.4342008223
20.8940637348,103.671495541,55.642860828644395,23.7411153647,95.4342008223
21.2880401877,103.2443540421,55.11376483084459,23.7411153647,95.4342008223
22.0039747215,100.7705518324,52.53940865230197,23.7411153647,95.4342008223
21.6583960244,104.094874739,55.83501103891502,23.7411153647,95.4342008223
26.1849555196,94.5187520141,45.588477056549465,26.1466408209,88.8163452646
25.783459499,90.5517534573,41.658945331146185,26.1466408209,88.8163452646
23.799370956,99.3017073306,50.63102982313251,25.783459499,90.5517534573
22.5637634514,101.6813440093,53.31233484644452,23.799370956,99.3017073306
26.0725849213,90.5143905994,41.58560103636714,26.1466408209,88.8163452646
25.8294864555,85.5356817726,36.73370093634632,27.4587759712,79.6694675464
23.718156564,91.9567115195,43.49294179026742,25.8294864555,85.5356817726
21.4559443862,99.1421794158,51.02610532401236,23.718156564,91.9567115195
31.7457416434,60.874148299,11.355862673063783,33.7509726957,53.6069242782
29.4132769361,58.007650608,9.763910223497293,35.0,50.0
23.6573523443,64.8089971297,18.673959741582404,29.4132769361,58.007650608
17.9950334878,71.6155234578,27.52780949679024,23.6573523443,64.8089971297
12.6969904304,78.0117409691,35.83328110831991,17.9950334878,71.6155234578
9.8519402085,81.9038212541,40.654339053420635,12.6969904304,78.0117409691
8.2895551276,84.910466918,44.01972756978253,12.6969904304,78.0117409691
4.7000804465,90.2970551637,50.492722349246776,8.2895551276,84.910466918
1.0160758315,94.4906170709,56.07464419327687,4.7000804465,90.2970551637
-0.7069220774,97.2791090489,59.32361996779595,4.7000804465,90.2970551637
-0.2863483023,98.2654748479,59.89273213277387,4.7000804465,90.2970551637
-3.2826092043,102.3790613254,64.98185515159791,-0.2863483023,98.2654748479
2.026284313,89.7330182668,51.92450857932561,8.2895551276,84.910466918
-1.1300987229,94.4750929114,57.621000991703205,2.026284313,89.7330182668
-3.7011650175,99.3203901394,63.1061889665034,-1.1300987229,94.4750929114
27.0002674033,60.9729191598,13.58692377169167,29.4132769361,58.007650608
22.1884665855,66.9814562195,21.284712071454734,27.0002674033,60.9729191598
17.9860906089,72.0298479111,27.85329049608519,22.1884665855,66.9814562195
15.7878225106,73.0236617778,30.086785269418034,22.1884665855,66.9814562195
24.9388839782,65.0491930501,18.106782169392233,29.4132769361,58.007650608
21.8416008198,69.8122762431,23.788342207510933,24.9388839782,65.0491930501
22.6749752808,68.1288791314,21.92905229976192,24.9388839782,65.0491930501
20.2747570351,73.588334616,27.836685500044208,24.9388839782,65.0491930501
17.5115560248,80.4115207127,35.198149235845875,20.2747570351,73.588334616
17.9255175608,79.540832363,34.235994488962426,20.2747570351,73.588334616
18.964718553,75.955571161,30.54223714149672,20.2747570351,73.588334616
14.720049958,83.2559495376,38.98692398725413,18.964718553,75.955571161
17.3363762081,81.3104378004,36.0989466599811,20.2747570351,73.588334616
13.797171179,87.7584380885,43.45439905622054,17.3363762081,81.3104378004
20.3906245632,72.5729291817,26.898441232622538,24.9388839782,65.0491930501
15.9386328585,78.8376837326,34.58397177525522,20.3906245632,72.5729291817
13.1223227425,80.9196684596,38.08629430080098,15.9386328585,78.8376837326
12.6664943851,82.8564012553,39.76634388813563,15.9386328585,78.8376837326
9.3874086394,86.5728980378,44.7226279459743,12.6664943851,82.8564012553
4.5301400197,92.9555216401,52.7432851816726,9.3874086394,86.5728980378
2.1757803434,96.0797192828,56.655269383588504,4.5301400197,92.9555216401
2.8276526448,95.9618261429,56.19818460499152,4.5301400197,92.9555216401
-1.3272930675,99.1263106364,61.251408312415506,4.5301400197,92.9555216401
-1.2128527179,99.7854511853,61.66684406681043,4.5301400197,92.9555216401
13.0054587575,81.8161819279,38.764278200169855,15.9386328585,78.8376837326
14.5644838795,80.8483818973,37.01937575119324,15.9386328585,78.8376837326
11.4678756362,85.4590405174,42.57334195145589,15.9386328585,78.8376837326
7.458913009,90.8525488759,49.293588506419155,11.4678756362,85.4590405174
5.2622370061,94.3733664412,53.443473057806315,7.458913009,90.8525488759
-0.1609520476,101.4009955115,62.32032778579962,5.2622370061,94.3733664412
0.7394511714,101.5639602651,61.938190901670914,5.2622370061,94.3733664412
-0.4206171108,104.1278158906,64.75228295556228,0.7394511714,101.5639602651
8.1959943957,91.0529624666,49.05386427806486,11.4678756362,85.4590405174
4.2802654808,100.2063121642,59.009603508355,8.1959943957,91.0529624666
5.1988236843,93.152895941,52.497878396795805,11.4678756362,85.4590405174
15.7276433713,79.7821593563,35.48426637097565,20.3906245632,72.5729291817
15.786609758,80.1813791396,35.79144202472692,20.3906245632,72.5729291817
11.5064792203,87.0969522024,43.92437926822494,15.786609758,80.1813791396
12.0176381532,86.0022749531,42.72599139937345,15.786609758,80.1813791396
15.8442669161,80.3444694676,35.902118607490614,20.3906245632,72.5729291817
13.8732944673,84.7736553752,40.75004808284512,15.8442669161,80.3444694676
10.0906468527,93.4526605068,50.21754791387645,13.8732944673,84.7736553752
9.2641449521,96.3035378766,53.185814608318374,10.0906468527,93.4526605068
5.6287724914,97.2924408519,56.10416289318693,10.0906468527,93.4526605068
9.1931734616,94.8769231665,51.900991590257775,10.0906468527,93.4526605068
12.0044965649,86.8836249542,43.4852835686322,15.8442669161,80.3444694676
12.6051761456,86.2867304851,42.669849026149315,15.8442669161,80.3444694676
9.1161491205,94.0897791717,51.217414667156596,12.6051761456,86.2867304851
7.0524194925,97.4628804426,55.17175306456673,9.1161491205,94.0897791717
4.6391125157,100.8138392781,59.301277938143244,7.0524194925,97.4628804426
2.6076774019,103.8931642557,62.9886758714625,7.0524194925,97.4628804426
9.7402573742,93.5334752813,50.46234988967009,12.6051761456,86.2867304851
28.3510111088,59.4130861027,11.525630297065165,29.4132769361,58.007650608
24.3202833707,63.5677568021,17.304027221719203,29.4132769361,58.007650608
23.558830595,65.7071362535,19.436377394084108,29.4132769361,58.007650608
19.580063797,71.0777836838,26.120271397840845,23.558830595,65.7071362535
20.9271355348,69.0979328758,23.728616975431144,23.558830595,65.7071362535
21.804708723,68.1607790679,22.45255156055486,23.558830595,65.7071362535
29.1283885746,58.5747438973,10.398540964390968,29.4132769361,58.007650608
38.7871313205,45.4355622961,5.930974219426011,35.0,50.0
42.8538041538,39.7216363347,12.944302803305504,38.7871313205,45.4355622961
43.4034498097,39.806836988,13.21059955235182,38.7871313205,45.4355622961
48.1457871205,32.1972058142,22.17699513645777,43.4034498097,39.806836988
47.6196806446,35.3315537197,19.35915733322105,43.4034498097,39.806836988
52.0162147123,29.6724686569,26.52538057537955,47.6196806446,35.3315537197
57.2734846228,23.3180208245,34.77267674846208,52.0162147123,29.6724686569
62.4413103886,16.3339518431,43.460809038121354,57.2734846228,23.3180208245
66.9752545024,10.9328877248,50.51262744453607,62.4413103886,16.3339518431
70.9312878007,6.5080622438,56.448053292321994,66.9752545024,10.9328877248
77.6461229769,-0.3491535353,66.0454706368304,70.9312878007,6.5080622438
73.1104944906,2.841185567,60.71360441265389,70.9312878007,6.5080622438
77.176918912,-0.1894602946,65.60582136815873,70.9312878007,6.5080622438
74.801770489,3.3613176784,61.436303245993564,70.9312878007,6.5080622438
77.9389233419,-1.503863167,67.2252334304841,74.801770489,3.3613176784
75.4976761367,0.1340382447,64.28897698639398,70.9312878007,6.5080622438
59.8787670768,19.853839659,39.10719492382197,57.2734846228,23.3180208245
66.1837728143,13.3426814662,48.17076366695922,59.8787670768,19.853839659
52.284436925,30.7974137028,25.864414964428683,47.6196806446,35.3315537197
57.2218077354,26.087335418,32.68808464930752,52.284436925,30.7974137028
55.4403626687,27.878200349,30.16344670480379,52.284436925,30.7974137028
62.0545323753,20.4585816248,40.103164151502384,55.4403626687,27.878200349
53.1493036004,29.0757440824,27.70852163545663,47.6196806446,35.3315537197
54.7869095584,27.2389045562,30.1693614755697,53.1493036004,29.0757440824
59.6886798617,21.3195707867,37.8547934335703,54.7869095584,27.2389045562
58.5123099893,23.1769532387,35.68082186469418,53.1493036004,29.0757440824
62.5185079409,19.3040450704,41.25298838297851,58.5123099893,23.1769532387
68.8526970892,12.0117984444,50.91211945263741,62.5185079409,19.3040450704
72.4771545045,8.5483572261,55.92531370659791,68.8526970892,12.0117984444
77.2144974068,2.6331653795,63.50369825451149,72.4771545045,8.5483572261
77.2556297027,1.9519728947,64.07062594538606,72.4771545045,8.5483572261
77.3564406307,2.7216933566,63.52514560930895,72.4771545045,8.5483572261
77.3006577143,3.7821508851,62.706383393597115,72.4771545045,8.5483572261
60.0068808967,22.4943687778,37.213302920406214,53.1493036004,29.0757440824
54.693126307,27.0693855659,30.24009487084719,53.1493036004,29.0757440824
59.9300209341,21.3123275171,38.0226897281298,54.693126307,27.0693855659
59.4713458679,21.3055883677,37.72693267556458,54.693126307,27.0693855659
48.3996217315,32.8926672097,21.740985100223604,43.4034498097,39.806836988
31.8074053142,46.7490406735,4.556467641754493,35.0,50.0
24.8494167811,41.3667518402,13.353207805691182,31.8074053142,46.7490406735
26.2946455143,40.3148146185,13.029352955402631,31.8074053142,46.7490406735
22.4133565649,36.1029941734,18.756816213294115,26.2946455143,40.3148146185
18.3407932911,30.1059654321,26.005962738443323,22.4133565649,36.1029941734
18.7068902837,29.6802481215,26.17231074440056,22.4133565649,36.1029941734
19.4566480164,32.034830954,23.785939140848377,22.4133565649,36.1029941734
14.0319400247,28.1661003031,30.448861445995494,19.4566480164,32.034830954
13.8143761597,27.9205134226,30.77695739419885,14.0319400247,28.1661003031
13.8432985991,28.0334661596,30.679458698996157,19.4566480164,32.034830954
12.2229111915,26.2125065013,33.071756847675424,19.4566480164,32.034830954
9.9603896091,22.5626642564,37.36597998154754,12.2229111915,26.2125065013
4.6040424626,15.872318643,45.936346320308054,9.9603896091,22.5626642564
-0.153701263,9.5547156671,53.84509038745213,4.6040424626,15.872318643
-3.3033292513,5.5804658057,58.91606844158731,-0.153701263,9.5547156671
-1.8718362299,7.4868963047,56.53355922305369,-0.153701263,9.5547156671
1.1142719831,10.1776295365,52.61526704294577,4.6040424626,15.872318643
-3.6142100723,3.4712652228,60.820988513743366,1.1142719831,10.1776295365
0.3008962199,11.2180217066,52.275080228451344,4.6040424626,15.872318643
10.8851490453,24.3158064465,35.39276496004469,12.2229111915,26.2125065013
7.4403197902,18.5791521465,42.079602273621234,12.2229111915,26.2125065013
2.9890201486,11.3610554353,50.55987282541052,7.4403197902,18.5791521465
-0.6870738665,7.0270296763,56.242957066166554,2.9890201486,11.3610554353
-3.0840413485,3.7779568697,60.275090774749756,2.9890201486,11.3610554353
14.7086051976,25.707412256,31.696700039077967,19.4566480164,32.034830954
8.8303497442,20.6753588215,39.43462281868039,14.7086051976,25.707412256
11.6512040471,23.3628115179,35.54960211623718,14.7086051976,25.707412256
7.5287683764,16.2229051941,43.79416021062277,11.6512040471,23.3628115179
8.511569191,19.7479834582,40.294260557221754,14.7086051976,25.707412256
7.2791932593,17.7760886274,42.61958196742921,8.511569191,19.7479834582
5.6435555523,14.8198648305,45.996177378822445,8.511569191,19.7479834582
21.7835223768,36.5659758066,18.894847342007708,26.2946455143,40.3148146185
26.2912029158,42.1651585929,11.728668407834572,31.8074053142,46.7490406735
23.9233821081,40.1979037543,14.807087966207373,26.2912029158,42.1651585929
17.1056316523,33.2000211454,24.577046117883672,23.9233821081,40.1979037543
14.6237913569,28.8261891031,29.605956336422214,17.1056316523,33.2000211454
12.3664735633,28.7535040363,31.075594709227218,17.1056316523,33.2000211454
7.6418251337,23.9918249881,37.78349230395752,12.3664735633,28.7535040363
8.5646415579,25.8978673472,35.830443549875866,12.3664735633,28.7535040363
1.4424237578,20.231864724,44.931518877449555,8.5646415579,25.8978673472
1.4736117757,21.859040688,43.99100873588547,8.5646415579,25.8978673472
7.355888285,24.6069599875,37.57942376446501,12.3664735633,28.7535040363
1.6612540837,19.6616992307,45.121602669752384,7.355888285,24.6069599875
0.4962011354,17.9951486383,47.106824097598775,7.355888285,24.6069599875
1.0030065569,18.8915593905,46.1248851467085,7.355888285,24.6069599875
25.9597529324,41.7992411666,12.217769981231683,31.8074053142,46.7490406735
20.7892684363,36.1100299571,19.905489676350058,25.9597529324,41.7992411666
13.9073892951,29.4641870438,29.47248965243156,20.7892684363,36.1100299571
8.9796844961,22.8945182362,37.68484758591449,13.9073892951,29.4641870438
5.1889636513,19.2029931069,42.976059385063586,8.9796844961,22.8945182362
-0.3300296277,13.624982062,50.82293736491478,5.1889636513,19.2029931069
-3.1562145935,11.9261895814,54.12039355917378,-0.3300296277,13.624982062
5.1358822547,19.3474849414,42.91516888249001,8.9796844961,22.8945182362
0.5917383329,16.670223721,48.18934859352466,5.1358822547,19.3474849414
0.5964899541,16.4339494844,48.30912580834164,5.1358822547,19.3474849414
6.618444016,19.9449287818,41.4631454241441,8.9796844961,22.8945182362
2.246743625,14.8847970489,48.15019989251589,6.618444016,19.9449287818
20.6609872215,37.1151326007,19.29009570309626,25.9597529324,41.7992411666
21.9263700835,37.3851750253,18.197080736291312,25.9597529324,41.7992411666
39.214792635,57.0428011014,8.207650352563231,35.0,50.0
44.5714532759,63.0362588757,16.246017681448137,39.214792635,57.0428011014
41.013412832,64.6352537932,16.010237903515623,39.214792635,57.0428011014
43.5594037824,64.5515494966,16.88272663375701,39.214792635,57.0428011014
49.304243256,71.5215123782,25.91508862541315,43.5594037824,64.5515494966
48.4580522405,71.4034039731,25.305592326808192,43.5594037824,64.5515494966
50.9798804597,78.2449639456,32.59713265958204,48.4580522405,71.4034039731
50.9750624367,76.1635732024,30.690251222165386,48.4580522405,71.4034039731
56.3829651669,83.7283697356,39.989259692320644,50.9750624367,76.1635732024
63.2811577293,89.3979202145,48.91836173344135,56.3829651669,83.7283697356
61.4122094381,89.0997366863,47.34758021119384,56.3829651669,83.7283697356
60.1306456914,88.1196337438,45.76232723942498,56.3829651669,83.7283697356
61.3400225973,92.6311198327,50.433097971420125,60.1306456914,88.1196337438
67.2188625377,98.7959517601,58.951660745617,61.3400225973,92.6311198327
64.5128856912,95.3479629781,54.215301327595554,60.1306456914,88.1196337438
67.981697009,103.152774072,62.756245547643005,64.5128856912,95.3479629781
67.7917012464,101.8774764234,61.52181741102238,64.5128856912,95.3479629781
68.8837569019,104.3917025725,64.26297021295221,67.7917012464,101.8774764234
66.5174310288,98.9002805435,58.29416907440267,64.5128856912,95.3479629781
70.062349259,104.6261048663,65.028522008009,66.5174310288,98.9002805435
67.2541993231,101.3215413449,60.78785326217482,64.5128856912,95.3479629781
52.0917610345,78.8663690672,33.61465222837306,50.9750624367,76.1635732024
55.8121184682,87.7848764922,43.27802814594281,52.0917610345,78.8663690672
59.9559950166,95.4620627337,52.00218434783743,55.8121184682,87.7848764922
62.437978145,101.7691940725,58.78010039737178,59.9559950166,95.4620627337
61.7778320674,100.2602467518,57.134597046677804,59.9559950166,95.4620627337
49.4974606126,74.0900954908,28.18633547316343,48.4580522405,71.4034039731
53.4358433682,83.2052188972,38.11590411653906,49.4974606126,74.0900954908
57.7017060224,89.5671129517,45.775622136491286,53.4358433682,83.2052188972
59.5255255186,92.5908692295,49.30682866999427,57.7017060224,89.5671129517
60.5602461471,93.4696186894,50.61305975131396,57.7017060224,89.5671129517
50.5411408219,76.0099313082,30.371521493861994,49.4974606126,74.0900954908
41.7603023483,63.0257220843,14.709570314246067,39.214792635,57.0428011014
45.3412526395,71.5427065653,23.948738547244105,41.7603023483,63.0257220843
49.4017724501,78.1468641457,31.701332853605674,45.3412526395,71.5427065653
51.0533188236,82.5180632896,36.37412510015945,49.4017724501,78.1468641457
52.3795488708,84.6535522923,38.88792688605046,51.0533188236,82.5180632896
54.0754324251,88.7904240992,43.33657299915139,51.0533188236,82.5180632896
44.7796378843,70.6323626959,22.89354052881765,41.7603023483,63.0257220843
47.9295410476,74.4371984792,27.833041037578376,44.7796378843,70.6323626959
44.3236008716,70.4715002418,22.584220255053346,41.7603023483,63.0257220843
46.4636358277,75.4107811557,27.967179065944126,44.3236008716,70.4715002418
51.4396680641,83.9291297732,37.83242918882273,46.4636358277,75.4107811557
45.7807305446,73.65503124,26.085376706918552,44.3236008716,70.4715002418
51.1476750519,81.9693660324,35.98144948274993,45.7807305446,73.65503124
58.1816444488,88.0645314593,45.288853366637355,51.1476750519,81.9693660324
50.4726759305,81.5857794853,35.30009966719236,45.7807305446,73.65503124
37.1855504186,47.6940880753,3.177083637035118,35.0,50.0
42.2457146729,42.4391839479,10.472238170604715,37.1855504186,47.6940880753
48.9485403679,35.7308297147,19.955375247313277,42.2457146729,42.4391839479
53.696260863,30.577924979,26.9620347306043,48.9485403679,35.7308297147
53.2069215665,30.3785068799,26.795051420971753,48.9485403679,35.7308297147
57.2016528645,27.0876660553,31.970716738211145,53.2069215665,30.3785068799
55.2465404186,29.3392871398,28.92848068107346,48.9485403679,35.7308297147
60.6698893563,23.0226156794,37.25392673751293,55.2465404186,29.3392871398
63.2166498171,20.0144130299,41.19540768065512,60.6698893563,23.0226156794
69.2014575303,13.1843475433,50.276581498792446,63.2166498171,20.0144130299
72.5387815887,9.9771370873,54.90518072316381,69.2014575303,13.1843475433
72.053590043,9.9137258337,54.616123667882086,69.2014575303,13.1843475433
75.9288069109,6.3421952049,59.872011573079455,69.2014575303,13.1843475433
79.2066630195,3.4663183185,64.23263177374083,75.9288069109,6.3421952049
84.3310659472,-2.2589420825,71.91625800259132,79.2066630195,3.4663183185
85.9419514617,-2.6881573079,73.35631965943621,79.2066630195,3.4663183185
83.0061244998,-1.0406916141,70.12746392341553,79.2066630195,3.4663183185
79.7705096969,1.2173131731,66.27693906180458,75.9288069109,6.3421952049
84.3491687801,-3.6740032833,72.97687157466017,79.7705096969,1.2173131731
79.6678037745,0.0611625759,67.18169476953697,75.9288069109,6.3421952049
72.1574752956,10.9296925199,53.99431068517921,69.2014575303,13.1843475433
70.4167495516,11.3264228751,52.49667581429833,69.2014575303,13.1843475433
64.9719429188,18.5401789031,43.466808863237326,60.6698893563,23.0226156794
71.2988108254,12.1472698758,52.46117061596325,64.9719429188,18.5401789031
73.76685759,10.0389802918,55.70711266754942,71.2988108254,12.1472698758
57.5167853471,26.5730656182,32.50702696999344,55.2465404186,29.3392871398
57.7962143188,26.3882576111,32.842041222994105,57.5167853471,26.5730656182
59.2109019773,24.2664217312,35.36895589611209,57.5167853471,26.5730656182
63.8702736314,20.4708292048,41.31634604831966,57.5167853471,26.5730656182
70.8576170671,13.9029944885,50.9058935428084,63.8702736314,20.4708292048
71.9101342212,12.5767426884,52.59903742238369,70.8576170671,13.9029944885
74.2681448024,11.428432828,55.119580152520506,70.8576170671,13.9029944885
76.3891436694,8.5903931603,58.57541239501452,70.8576170671,13.9029944885
81.1152476674,4.576495532,64.77601181526285,76.3891436694,8.5903931603
86.9179151372,-3.4558516009,74.68507585928245,81.1152476674,4.576495532
81.9085020051,4.5835004725,65.39585999391932,76.3891436694,8.5903931603
88.2272672984,-2.7408200231,75.06914617567155,81.9085020051,4.5835004725
77.7908225744,6.7588790247,60.8611797951751,70.8576170671,13.9029944885
83.4573977219,0.6792642819,69.17212374415801,77.7908225744,6.7588790247
83.2480324866,0.3312701299,69.29298245714045,77.7908225744,6.7588790247
61.7753131792,22.1447855033,38.65070046984588,57.5167853471,26.5730656182
44.6338750521,41.5127390671,12.856268282818979,37.1855504186,47.6940880753
49.5237734511,38.0832053261,18.828940049557897,44.6338750521,41.5127390671
54.1309199499,34.4293778279,24.709097721594215,49.5237734511,38.0832053261
58.3453085731,31.8878942418,29.630501005798152,54.1309199499,34.4293778279
60.5616327219,29.817524886,32.62258331984203,54.1309199499,34.4293778279
60.3174869538,29.5932169114,32.56161729839416,54.1309199499,34.4293778279
63.3295235246,28.069730619,35.9370246496582,60.3174869538,29.5932169114
63.8142978429,25.6218948029,37.85303352503795,60.3174869538,29.5932169114
64.0314796639,27.2774997842,36.93840695108292,60.3174869538,29.5932169114
63.0802392038,25.8314384099,37.22892674701953,60.3174869538,29.5932169114
67.6543711694,25.0775920965,41.176763116200206,60.3174869538,29.5932169114
65.2205156879,25.4280037215,38.99502166037291,60.3174869538,29.5932169114
65.6590806953,24.5627467144,39.89907285888223,60.3174869538,29.5932169114
71.96882425,18.7820446213,48.456489549405646,65.6590806953,24.5627467144
72.3667003338,18.3876167554,49.01633073750615,65.6590806953,24.5627467144
68.6531757373,21.9136883797,43.89683663143964,65.6590806953,24.5627467144
74.2957323074,16.8677867248,51.466484454007166,68.6531757373,21.9136883797
78.8471972779,14.5631825059,56.56815417905407,74.2957323074,16.8677867248
76.1234283365,16.657596465,53.03090342075255,68.6531757373,21.9136883797
75.2731771568,16.1671525427,52.66308399961876,68.6531757373,21.9136883797
79.7251694959,13.2810727437,57.968712368964,75.2731771568,16.1671525427
82.3484691615,11.3559175628,61.21923611278185,75.2731771568,16.1671525427
70.6121118012,19.1522150469,47.234355407021276,65.6590806953,24.5627467144
70.2149259602,19.9995460852,46.34721414610935,65.6590806953,24.5627467144
52.9264350627,36.4893815024,22.551662692136787,44.6338750521,41.5127390671
58.1185929748,33.0054851369,28.804345130077063,52.9264350627,36.4893815024
61.6330234263,30.9487725925,32.876357886530904,58.1185929748,33.0054851369
65.491089458,28.6907139979,37.34664894211155,61.6330234263,30.9487725925
63.268020581,30.5832261776,34.551720497228466,61.6330234263,30.9487725925
68.5421371649,26.2211498645,41.24811214183567,61.6330234263,30.9487725925
74.5087691211,21.8570858126,48.64038864842232,68.5421371649,26.2211498645
76.6711524445,19.9441788509,51.527448516426226,74.5087691211,21.8570858126
81.6468990368,17.1998447956,57.16346277597972,74.5087691211,21.8570858126
74.5499402077,21.2420739416,49.05098946030476,68.5421371649,26.2211498645
80.9611796201,14.812019905,58.131164883539,74.5499402077,21.2420739416
80.0098403937,15.6394459113,56.874029207550464,74.5499402077,21.2420739416
77.477231609,18.4900512717,53.068782850185386,74.5499402077,21.2420739416
81.6632658411,15.4281144331,58.2380198147372,74.5499402077,21.2420739416
86.3599717787,11.0490783914,64.65946850789007,81.6632658411,15.4281144331
89.2864702671,8.5855029183,68.48485705211239,86.3599717787,11.0490783914
90.0304781681,7.9158874272,69.48538839665436,86.3599717787,11.0490783914
87.2353756735,10.825344872,65.46532191281761,81.6632658411,15.4281144331
92.0805125298,7.7605256443,71.19842474241663,87.2353756735,10.825344872
91.1748510205,7.6248733985,70.5409975981139,87.2353756735,10.825344872
96.9667494527,3.0888529427,77.89773390060272,91.1748510205,7.6248733985
93.6600065939,6.4580564393,73.23378963288667,87.2353756735,10.825344872
97.6418678846,3.4242313445,78.23971752331951,93.6600065939,6.4580564393
94.8782225918,4.9400882914,75.11153122197442,87.2353756735,10.825344872
98.9374657866,1.899465091,80.18330061355176,94.8782225918,4.9400882914
99.0682428959,0.7224045469,81.05670794915333,94.8782225918,4.9400882914
99.3996340557,0.4999753799,81.44854663088384,94.8782225918,4.9400882914
100.2540130565,-1.5992204759,83.57685355927771,94.8782225918,4.9400882914
101.2475988802,-1.4661620842,84.14530109828338,94.8782225918,4.9400882914
92.7668470156,7.8989905933,71.72317494504355,87.2353756735,10.825344872
100.0344256391,3.7527613532,80.090308023955,92.7668470156,7.8989905933
86.1209436755,10.9975477485,64.52298702403817,81.6632658411,15.4281144331
85.6830985593,11.2164653974,64.06013649874689,81.6632658411,15.4281144331
86.0154155833,11.1064721703,64.37135489657894,81.6632658411,15.4281144331
79.9493845879,15.6172630688,56.84794379963768,74.5499402077,21.2420739416
81.3901896656,16.4873647599,57.3814319484829,74.5499402077,21.2420739416
83.1833867247,15.0092721183,59.7052894204284,81.3901896656,16.4873647599
89.3672957991,12.3222042368,66.38047547812059,81.3901896656,16.4873647599
95.8488172235,8.2050007872,74.05911365297649,89.3672957991,12.3222042368
101.3840517344,2.4808912683,82.02179227734781,95.8488172235,8.2050007872
102.2102135315,1.8705515638,83.0364523427703,95.8488172235,8.2050007872
62.5590931991,29.6173802258,34.38979919672449,58.1185929748,33.0054851369
65.0538203285,28.1423466184,37.27473441851163,58.1185929748,33.0054851369
72.302926335,21.9160430083,46.830695622839464,65.0538203285,28.1423466184
73.2869471201,22.9943814559,46.984828243026165,65.0538203285,28.1423466184
79.6813512135,19.6573898989,54.197588904602284,73.2869471201,22.9943814559
44.1447370992,40.7453760393,13.011455920749606,37.1855504186,47.6940880753
44.7012507638,39.8925078884,14.029832836093874,44.1447370992,40.7453760393
50.7443446447,34.2682712051,22.258493651171037,44.1447370992,40.7453760393
57.3171307487,28.2325723516,31.18212395610169,50.7443446447,34.2682712051
62.1423422055,23.6778493575,37.817496376382046,57.3171307487,28.2325723516
64.3782736661,22.3479945187,40.37385913349917,57.3171307487,28.2325723516
68.6747763278,18.2464418124,46.31378082696887,64.3782736661,22.3479945187
75.2364886652,12.2219049834,55.22170498486137,68.6747763278,18.2464418124
81.5498805431,5.6694175761,64.32082627357704,75.2364886652,12.2219049834
87.2780058372,0.9733321638,71.72789300640218,81.5498805431,5.6694175761
89.2623888506,-0.8566561312,74.42726943508113,87.2780058372,0.9733321638
87.1698775041,2.0937446542,70.98189245595792,81.5498805431,5.6694175761
84.9084670998,3.6885902841,68.22002880993983,81.5498805431,5.6694175761
86.9413656148,-0.1616214633,72.26243363968189,81.5498805431,5.6694175761
86.5535010573,2.6379007248,70.17115213371841,81.5498805431,5.6694175761
87.9206622386,-0.7300327779,73.35076670776755,81.5498805431,5.6694175761
89.9449520697,-3.9005539848,77.11240917399124,87.9206622386,-0.7300327779
74.3979515015,12.8163826552,54.20303152139782,68.6747763278,18.2464418124
69.8235915221,19.1722453287,46.67757783523849,64.3782736661,22.3479945187
69.8623192386,19.1158257409,46.739522559210734,64.3782736661,22.3479945187
74.6310164251,15.0427288248,53.01093319354783,69.8623192386,19.1158257409
71.0444573819,15.5788591876,49.874343250824104,64.3782736661,22.3479945187
56.170301975,28.9901841813,29.828118184861083,50.7443446447,34.2682712051
60.2629502022,24.483458465,35.91583912077487,56.170301975,28.9901841813
61.9132419869,23.5368156513,37.747751276379674,56.170301975,28.9901841813
66.2913155899,19.2306257883,43.88866322897184,61.9132419869,23.5368156513
73.6127258512,12.6710070878,53.71880288770601,66.2913155899,19.2306257883
71.8642286597,14.3643661544,51.28716597669535,66.2913155899,19.2306257883
77.9317342184,9.3086170265,59.18496459081035,71.8642286597,14.3643661544
50.9950137756,35.0504536767,21.919790852669898,44.1447370992,40.7453760393
54.8714935459,32.1148663218,26.782379517958578,50.9950137756,35.0504536767
61.8145302561,26.1043856382,35.96560535679721,54.8714935459,32.1148663218
67.7975249052,20.4717159697,44.182855052747755,61.8145302561,26.1043856382
72.8770074664,15.735280436,51.12799469529137,67.7975249052,20.4717159697
78.1251872949,10.8174008076,58.32027747280409,72.8770074664,15.735280436
74.4424033499,14.5809516271,53.062917782531045,67.7975249052,20.4717159697
76.2503065968,13.5676018552,55.13545051094846,74.4424033499,14.5809516271
83.4271615548,8.8538532639,63.721874264185416,76.2503065968,13.5676018552
88.2874005169,4.619144336,70.16816641337869,83.4271615548,8.8538532639
94.0965303215,1.1013290755,76.95941175526545,88.2874005169,4.619144336
99.1258774337,-1.6279388092,82.68158228413378,94.0965303215,1.1013290755
80.7528972848,11.3151945683,60.16837363486815,74.4424033499,14.5809516271
86.3512703098,7.0290954643,67.2190775753522,80.7528972848,11.3151945683
91.3391226021,2.5243610806,73.94003750362818,86.3512703098,7.0290954643
92.5300314157,1.6454690499,75.41422993352151,86.3512703098,7.0290954643
98.3997683041,-3.6025245584,83.2879360527389,92.5300314157,1.6454690499
78.5867333996,11.2329580484,58.39063141633897,74.4424033499,14.5809516271
84.6267131493,6.0226004758,66.36742158602102,78.5867333996,11.2329580484
91.969794543,0.5585158328,75.52040281294221,84.6267131493,6.0226004758
91.3053876473,1.0713365328,74.68124788222708,84.6267131493,6.0226004758
89.0355755213,3.0157477992,71.70401510942283,84.6267131493,6.0226004758
86.4330763371,3.9295521536,69.13216375217381,84.6267131493,6.0226004758
91.2086830538,-0.2295534337,75.44551369459867,84.6267131493,6.0226004758
57.4169435598,28.7900298578,30.888296221205145,50.9950137756,35.0504536767
61.6578806777,25.9206905961,36.008711774333136,57.4169435598,28.7900298578
37.2872611888,53.4127548599,4.108340234153186,35.0,50.0
42.0940216011,58.3646194461,11.0094929307189,37.2872611888,53.4127548599
45.748940855,63.2550687496,17.11481267194724,42.0940216011,58.3646194461
42.605339339,61.4417762253,13.738871854873008,37.2872611888,53.4127548599
46.7819909779,65.7909098711,19.768746014567856,42.605339339,61.4417762253
52.6259882597,72.5641596321,28.714651030527527,46.7819909779,65.7909098711
57.5046637829,79.4819884451,37.17974585259797,52.6259882597,72.5641596321
54.981968713,76.1704974257,33.022355312146615,52.6259882597,72.5641596321
59.3076604255,79.9883155488,38.79187383734973,54.981968713,76.1704974257
63.3326393393,87.8027313606,47.58195630205076,59.3076604255,79.9883155488
68.5018071005,94.4364560842,55.99186706566361,63.3326393393,87.8027313606
74.3758329193,100.7503264313,64.61562135714928,68.5018071005,94.4364560842
74.1309908708,100.5362169527,64.29215576984089,68.5018071005,94.4364560842
70.0269376006,94.4296486993,57.00159868513552,63.3326393393,87.8027313606
77.1495226818,101.1636739219,66.8035532829464,70.0269376006,94.4296486993
77.8268219107,101.6304132827,67.62609803941169,77.1495226818,101.1636739219
75.3219481071,100.0376210271,64.71434721554385,70.0269376006,94.4296486993
78.4203793011,103.3593266924,69.25681398931759,75.3219481071,100.0376210271
75.4036669338,100.2153156635,64.89989980266253,70.0269376006,94.4296486993
74.9945692708,99.2989254326,63.957691001675805,70.0269376006,94.4296486993
77.7257027163,101.4313114317,67.42268161440283,74.9945692708,99.2989254326
64.913513422,89.4036367684,49.83185874217474,63.3326393393,87.8027313606
66.9095762809,92.0541264253,53.13792947336272,63.3326393393,87.8027313606
68.9875848871,95.2081314319,56.899593307461146,63.3326393393,87.8027313606
65.7088877186,83.108631748,45.91311558587352,59.3076604255,79.9883155488
63.1291511026,84.3072462761,44.55875805869303,59.3076604255,79.9883155488
65.2102277122,86.6256486581,47.674182501668255,63.1291511026,84.3072462761
64.9332512314,85.7510128531,46.86943744008684,63.1291511026,84.3072462761
71.8397779319,92.6240639076,56.61309906508609,64.9332512314,85.7510128531
76.8235673504,98.3721284917,64.22088477650944,71.8397779319,92.6240639076
76.5538697247,98.8074164362,64.38847750757287,71.8397779319,92.6240639076
78.0268128337,102.0560019401,67.9553906237701,76.5538697247,98.8074164362
66.8535619038,89.5644561626,51.00154407149902,63.1291511026,84.3072462761
70.2674429347,89.9362041935,53.649433364526246,63.1291511026,84.3072462761
67.8848190447,89.8631081708,51.87203222068758,63.1291511026,84.3072462761
56.1975587363,76.9694583382,34.477002226160224,54.981968713,76.1704974257
52.2863620594,73.6036164156,29.325758338161805,46.7819909779,65.7909098711
49.7496725533,72.997834555,27.56277560986551,46.7819909779,65.7909098711
43.29719593,62.4442973286,14.956949892222008,42.605339339,61.4417762253
43.8708625793,63.4019976957,16.07332053751082,43.29719593,62.4442973286
48.4830651198,70.1735280118,24.26470183390144,43.29719593,62.4442973286
50.8955767907,73.6488010351,28.495273325875715,48.4830651198,70.1735280118
56.3828332873,81.4633119515,38.043915361370274,50.8955767907,73.6488010351
44.6570893511,50.1255686762,9.657905685373594,35.0,50.0
50.7635632256,50.2217998235,15.765137760025889,44.6570893511,50.1255686762
55.0918955176,50.8743829969,20.142388635652598,50.7635632256,50.2217998235
62.386315308,51.0015138371,27.43791619225254,55.0918955176,50.8743829969
67.0533646838,51.1226715347,32.1065379443163,62.386315308,51.0015138371
69.9255708572,51.3159028213,34.983723946862334,62.386315308,51.0015138371
78.675926418,53.36742223,43.97135179433668,69.9255708572,51.3159028213
83.4054021028,53.2972780664,48.70134761429271,78.675926418,53.36742223
89.9733575294,53.3346168476,55.26940917539169,83.4054021028,53.2972780664
96.63796358,53.8656846611,61.95514076080774,89.9733575294,53.3346168476
95.8774358714,55.1203990817,61.43764711309323,89.9733575294,53.3346168476
101.5646079136,54.8170890732,67.13290152346312,95.8774358714,55.1203990817
97.7822237744,52.0826547576,63.17799951167144,89.9733575294,53.3346168476
97.2937925115,53.3336741122,62.58984421819505,89.9733575294,53.3346168476
100.7527231491,53.8061088159,66.08088929166347,97.2937925115,53.3336741122
102.8839418675,53.7835372683,68.19806556561024,97.2937925115,53.3336741122
96.4191148186,52.9835062747,61.7247221550757,89.9733575294,53.3346168476
96.8240875958,53.2073113037,62.121321984541005,89.9733575294,53.3346168476
82.5772762124,52.4490038231,47.97934662821528,78.675926418,53.36742223
82.7028559161,52.8885001862,48.02666035309093,78.675926418,53.36742223
84.4508996157,52.6994118931,49.78483209828185,78.675926418,53.36742223
83.3526382451,52.9379763823,48.66773947529358,78.675926418,53.36742223
79.5170392624,53.512329177,44.82485565507986,78.675926418,53.36742223
84.6735305843,53.0291876843,49.97848574852181,78.675926418,53.36742223
67.9636785681,51.7301677696,33.06267551941143,62.386315308,51.0015138371
63.8693781109,50.7144282082,28.921328560843598,55.0918955176,50.8743829969
68.7086761554,50.1507929981,33.79333946123842,63.8693781109,50.7144282082
78.4457557852,50.4119828473,43.53392157189235,68.7086761554,50.1507929981
85.5168901833,51.7185073613,50.72474544552992,78.4457557852,50.4119828473
95.2542765598,51.4035198616,60.467225138617046,85.5168901833,51.7185073613
101.4780695425,51.2908141146,66.69203852352365,95.2542765598,51.4035198616
89.3568321061,52.9188105992,54.747913579400304,85.5168901833,51.7185073613
94.708017504,52.1647605752,59.92669976818518,85.5168901833,51.7185073613
86.9533205657,51.6773317254,52.161765861694406,85.5168901833,51.7185073613
89.8463421593,51.6836029512,55.054338120405305,85.5168901833,51.7185073613
91.7283107621,51.4722936319,56.94104392672313,85.5168901833,51.7185073613
93.782506026,50.8381054799,59.03711651110836,85.5168901833,51.7185073613
97.1752808937,51.2692317097,62.457173693220724,93.782506026,50.8381054799
101.243558052,51.48978633,66.52657478691616,93.782506026,50.8381054799
102.9879072299,51.9258218826,68.30655761062813,93.782506026,50.8381054799
34.6594285902,48.5961230331,1.444596629985514,35.0,50.0
26.82795858,51.9436532787,8.400002918927877,35.0,50.0
17.6075240881,55.1816286725,18.172458949541344,26.82795858,51.9436532787
14.8509254318,55.4706609608,20.944168857810045,17.6075240881,55.1816286725
14.4939451422,56.5732980994,21.582901390943917,17.6075240881,55.1816286725
9.1558877945,56.6570114262,26.75190591943469,17.6075240881,55.1816286725
1.2853944988,58.024957417,34.74039394605177,9.1558877945,56.6570114262
-3.9700454277,58.7632140678,40.047433770991915,1.2853944988,58.024957417
-1.1813808728,58.2763818068,37.21994934122216,1.2853944988,58.024957417
3.0961732488,56.8989366697,32.8164477981598,9.1558877945,56.6570114262
3.8288774258,57.019079353,32.09120668375342,9.1558877945,56.6570114262
4.6049457527,57.5350465593,31.38677583808189,9.1558877945,56.6570114262
8.6519911444,56.9630959509,27.303460864430306,17.6075240881,55.1816286725
7.5245954096,57.1046368358,28.439706861098067,8.6519911444,56.9630959509
3.8669741602,58.557695121,32.347183106224165,8.6519911444,56.9630959509
2.9721388735,58.6154106875,33.21876861703569,8.6519911444,56.9630959509
-0.2096898499,60.9100209212,37.0043683872302,8.6519911444,56.9630959509
2.3689182064,59.2875270731,34.0027134784224,8.6519911444,56.9630959509
14.9060598549,54.9971016464,20.88021802793443,17.6075240881,55.1816286725
11.497882105,54.817116642,24.293144950199583,14.9060598549,54.9971016464
29.0383178625,46.1583373987,7.092251084868164,35.0,50.0
19.6491809293,45.0791174343,16.543209135877586,29.0383178625,46.1583373987
13.0986092944,43.6899248285,23.23946516741983,19.6491809293,45.0791174343
4.7769060965,41.3804888602,31.87568185099238,13.0986092944,43.6899248285
-1.3563980768,39.5001022986,38.29076358883992,4.7769060965,41.3804888602
10.9262289419,42.0460210076,25.963736844088228,13.0986092944,43.6899248285
10.4419455241,41.6503388426,26.588759627795667,13.0986092944,43.6899248285
8.4654031119,41.1858031777,28.506079333234666,13.0986092944,43.6899248285
4.9247407242,40.615450669,31.97242106793465,13.0986092944,43.6899248285
7.9864233066,40.8828233651,29.071640079035653,13.0986092944,43.6899248285
0.5850357861,37.4490614831,37.23076122600297,7.9864233066,40.8828233651
7.0197200729,42.8913256454,29.370586991565624,13.0986092944,43.6899248285
2.2758090647,40.8760056127,34.52482859319074,7.0197200729,42.8913256454
6.3686807958,40.6418532911,30.627474215422982,13.0986092944,43.6899248285
2.4896647735,38.730056277,34.95202426420052,6.3686807958,40.6418532911
0.0745557448,39.5217252504,37.02049361044973,6.3686807958,40.6418532911
2.159099692,40.2842109358,34.852220494641955,6.3686807958,40.6418532911
1.1442920752,38.1071307845,36.43428536177492,6.3686807958,40.6418532911
1.8064151107,38.4933343656,35.67033072286721,6.3686807958,40.6418532911
19.5719338574,46.3354867806,16.560292489272808,29.0383178625,46.1583373987
24.2390284587,46.7687525455,11.930203692415065,29.0383178625,46.1583373987
23.5988837809,42.4419468989,13.680042936093834,29.0383178625,46.1583373987
17.49212422,39.0045599139,20.687763080284164,23.5988837809,42.4419468989
13.5888137456,36.2710952339,25.453018772937842,17.49212422,39.0045599139
5.9879519784,31.0088010209,34.697738346199976,13.5888137456,36.2710952339
0.2345099275,26.1074569016,42.255864410831414,5.9879519784,31.0088010209
-2.050563769,23.7257822562,45.556460707711324,0.2345099275,26.1074569016
-3.540866406,23.1312164064,47.06330384828876,0.2345099275,26.1074569016
3.7149494823,28.2421510383,38.27836573165876,5.9879519784,31.0088010209
2.6321479476,28.6657983625,38.790546935714396,5.9879519784,31.0088010209
-3.007195008,24.987233401,45.52360189961086,2.6321479476,28.6657983625
5.8144899357,31.3576090206,34.649890929789166,13.5888137456,36.2710952339
-2.5869088356,26.9222079929,44.15022163934467,5.8144899357,31.3576090206
1.1232443114,28.1538677707,40.33071336178127,5.8144899357,31.3576090206
8.438799051,33.16744593,31.4659457104779,13.5888137456,36.2710952339
6.7768496316,32.5010212207,33.256531582702294,8.438799051,33.16744593
-0.962581595,28.0775162162,42.170912785910275,6.7768496316,32.5010212207
-3.7916953927,26.939162799,45.22045920837828,-0.962581595,28.0775162162
11.9578689995,31.5344365791,29.984575624525068,17.49212422,39.0045599139
13.7541909602,35.5109633093,25.804144837971105,17.49212422,39.0045599139
6.7281841799,29.4642392634,35.07386128261422,13.7541909602,35.5109633093
0.4892814176,23.7273671023,43.549450340033104,6.7281841799,29.4642392634
9.300348026,30.831511933,32.264329205748794,13.7541909602,35.5109633093
5.8333064326,27.4281338592,37.1226581081172,9.300348026,30.831511933
3.2784492147,25.324624306,40.424542231763624,9.300348026,30.831511933
-3.4589816366,19.0082071583,49.65980617275674,3.2784492147,25.324624306
-0.8411299381,22.0438805285,45.69087037666585,3.2784492147,25.324624306
3.2121632745,24.963694976,40.71993500363541,9.300348026,30.831511933
6.3668850033,27.5305342971,36.68039744098477,9.300348026,30.831511933
2.0076483064,23.1103147679,42.888560234108084,6.3668850033,27.5305342971
6.8634450842,29.6541354433,34.84764036677882,13.7541909602,35.5109633093
11.4213307029,34.7525633118,28.099511121841793,17.49212422,39.0045599139
8.7431051654,33.2614140799,31.164868859776004,11.4213307029,34.7525633118
7.117737374,33.4065947298,32.60867367871238,11.4213307029,34.7525633118
4.622221711,28.9000101382,37.07059030628504,11.4213307029,34.7525633118
25.9127736593,43.103544979,11.462695375053512,29.0383178625,46.1583373987
21.3643017661,42.0231843003,15.809476227940554,29.0383178625,46.1583373987
13.7427236279,38.7872994657,24.089536854498938,21.3643017661,42.0231843003
6.4029033197,35.099706241,32.30362876703063,13.7427236279,38.7872994657
4.2503541484,33.601807452,34.92606441294303,6.4029033197,35.099706241
-3.9122026534,29.1432823928,44.22691272081935,4.2503541484,33.601807452
-1.2185735921,33.0159047113,40.20484001166145,6.4029033197,35.099706241
0.6148217788,33.1896043116,38.39873970160802,6.4029033197,35.099706241
-2.662667799,31.5321615282,42.04590545094979,6.4029033197,35.099706241
5.2370248311,34.3231756446,33.70444010954809,6.4029033197,35.099706241
3.4615080899,34.2162581702,35.37483152681229,6.4029033197,35.099706241
-3.5218241218,29.0563257413,44.057678493664845,3.4615080899,34.2162581702
-3.1579334902,33.7321289676,41.96177911294361,6.4029033197,35.099706241
13.9092059873,40.8733675966,23.352720326018588,21.3643017661,42.0231843003
13.0841433995,39.8275738285,24.37578978278162,21.3643017661,42.0231843003
14.1708131259,37.4214738061,24.348915219415158,21.3643017661,42.0231843003
18.7181316234,40.2812875446,18.977507277604545,21.3643017661,42.0231843003
14.2728659433,39.9560322368,23.196057282970237,21.3643017661,42.0231843003
15.7382388907,40.623168881,21.60711597634092,21.3643017661,42.0231843003
10.4073503846,40.0277711836,26.971150901892607,15.7382388907,40.623168881
3.5951958233,35.5877194613,35.102541254331705,10.4073503846,40.0277711836
6.7636561226,38.9756435621,30.731669419545362,15.7382388907,40.623168881
1.1861239125,36.3949596358,36.87730161502909,6.7636561226,38.9756435621
-1.0531944886,35.2270717825,39.40086453008655,6.7636561226,38.9756435621
-0.3881211797,36.4256884836,38.324441606570424,6.7636561226,38.9756435621
-0.5644103891,35.8291494596,38.706691923398644,6.7636561226,38.9756435621
11.0956633055,40.4059727728,26.254769385719932,15.7382388907,40.623168881
3.1149268633,36.910606384,34.967388989020186,11.0956633055,40.4059727728
22.1789351116,46.8347010944,13.984899311218136,29.0383178625,46.1583373987
21.0232314439,46.0867828887,15.107656897771687,29.0383178625,46.1583373987
12.7294308042,44.3659646949,23.57809633780083,21.0232314439,46.0867828887
22.167136386,41.0975037943,15.626017642164012,29.0383178625,46.1583373987
24.1930298334,45.4354111538,11.991173256173296,29.0383178625,46.1583373987
19.166120851,42.5798360179,17.77253324099556,24.1930298334,45.4354111538
22.9245768043,46.9392377917,13.255662084510167,29.0383178625,46.1583373987
44.7763999254,49.3091354834,9.800780034347168,35.0,50.0
48.0936724987,48.842446082,13.15071978349901,44.7763999254,49.3091354834
47.1262957361,49.6192412595,12.17104919912909,44.7763999254,49.3091354834
54.8833250554,50.7248731075,20.006476797147705,47.1262957361,49.6192412595
42.3586482896,53.8236588674,8.29277226169148,35.0,50.0
28.2839856174,54.9723797748,8.356399332974108,35.0,50.0
25.3527047702,57.2656591565,12.078164737683533,28.2839856174,54.9723797748
18.4322763035,63.7931024036,21.59130541291919,25.3527047702,57.2656591565
11.5495223629,66.7316853296,29.07512605613503,18.4322763035,63.7931024036
21.9971635056,59.578973864,16.150297033615924,28.2839856174,54.9723797748
16.8998912224,64.0279216669,22.9160432069517,21.9971635056,59.578973864
10.5273837642,69.8274074053,31.53247437854006,16.8998912224,64.0279216669
4.2098537305,76.4244322811,40.66658204916807,10.5273837642,69.8274074053
-3.3401723876,82.0669819346,50.09214627504893,4.2098537305,76.4244322811
3.7932621698,74.7979317212,39.90233134405133,10.5273837642,69.8274074053
6.0748433676,73.9534920582,37.60286897413694,10.5273837642,69.8274074053
2.135532782,78.0221411955,43.26609011517251,6.0748433676,73.9534920582
-0.6327504338,80.3564154268,46.875907433495534,6.0748433676,73.9534920582
1.2895835606,78.578737443,44.25806290745724,6.0748433676,73.9534920582
-1.8996888304,81.1774403517,48.37202877893463,1.2895835606,78.578737443
0.4300835464,78.4662290435,44.82977069877166,6.0748433676,73.9534920582
16.0367171189,64.1852466838,23.683202875265174,21.9971635056,59.578973864
12.0679668025,67.1920921333,28.66236933473446,16.0367171189,64.1852466838
6.3140262609,71.2764707443,35.71857089040607,12.0679668025,67.1920921333
-1.0102069853,78.0037337377,45.66344193165696,6.3140262609,71.2764707443
1.7519290232,74.2865872855,41.18423944949707,6.3140262609,71.2764707443
-2.0525512644,77.240795357,46.0010242265504,1.7519290232,74.2865872855
-2.8543611383,77.7477931466,46.94599743338052,1.7519290232,74.2865872855
-1.9232545626,76.8573190465,45.6683780813706,6.3140262609,71.2764707443
0.678304458,75.74415108,42.91033894990874,6.3140262609,71.2764707443
-3.4441819514,78.6001898006,47.92550109776142,0.678304458,75.74415108
-3.994968999,80.0294222768,49.25092520308948,0.678304458,75.74415108
-2.8066548297,78.3900470348,47.285919670287875,0.678304458,75.74415108
1.5855876257,75.9669307863,42.37879215793545,6.3140262609,71.2764707443
-1.6604418195,79.0275887933,46.84021957468433,1.5855876257,75.9669307863
10.8595503351,67.3795544379,29.766512659846704,16.0367171189,64.1852466838
5.316721844,71.3900826702,36.60809759199695,10.8595503351,67.3795544379
-0.1586290637,75.1917690596,43.27385238540185,5.316721844,71.3900826702
7.9103240175,68.9864029475,33.121919223739006,16.0367171189,64.1852466838
-0.162399237,74.0997721799,42.677828685982774,7.9103240175,68.9864029475
1.6568053187,71.4392482608,39.8392807777436,7.9103240175,68.9864029475
0.9208084005,73.6941361511,41.54902314362541,7.9103240175,68.9864029475
35.661305638,43.4888160467,6.544680406296551,35.0,50.0
34.8427096391,46.1620555533,3.8411662074931643,35.0,50.0
33.4838468933,38.0864814714,12.030269010253559,34.8427096391,46.1620555533
31.0334447367,52.7010698202,4.798889333002811,35.0,50.0
25.1854498442,56.6072393722,11.831470994930243,31.0334447367,52.7010698202
27.7170871694,54.5608054417,8.593123156056732,35.0,50.0
42.048754146,44.8088013524,8.754054969532476,35.0,50.0
48.8320375619,40.1394346568,16.98909712111874,42.048754146,44.8088013524
36.7839088214,50.8275647477,1.9665182670660588,35.0,50.0
36.4139812379,41.9177043309,8.205050043959867,35.0,50.0
38.937312992,34.1952223867,16.329330351762174,36.4139812379,41.9177043309
40.8617782011,25.1165384441,25.60974351447532,38.937312992,34.1952223867
42.4475783405,20.1340307364,30.838523978351287,40.8617782011,25.1165384441
43.7810312611,10.5837540066,40.48144274329046,42.4475783405,20.1340307364
43.653604452,17.3072900706,33.90303321001995,40.8617782011,25.1165384441
46.3886703246,10.925948466,40.84580686339942,43.653604452,17.3072900706
39.7132987104,29.4444014701,21.143107789156307,38.937312992,34.1952223867
41.0711282185,23.3196305723,27.416585255729764,39.7132987104,29.4444014701
42.459747503,17.785654514,33.122122437373825,41.0711282185,23.3196305723
44.5125775819,9.7238462173,41.441188751905614,42.459747503,17.785654514
44.1391622699,9.9659153199,41.12016938791278,42.459747503,17.785654514
44.4211279118,5.1697760098,45.924589946637695,44.1391622699,9.9659153199
45.1837105493,2.503357822,48.65547598535532,44.1391622699,9.9659153199
47.2350447874,-1.5682242913,53.214615494269886,45.1837105493,2.503357822
46.0040774834,-1.1713585583,52.42065093244739,45.1837105493,2.503357822
45.8418654851,-0.4483798349,51.67969871436841,45.1837105493,2.503357822
45.4573969336,8.8680338948,42.53009031661095,42.459747503,17.785654514
49.0574954584,0.2994803059,51.82421857019763,45.4573969336,8.8680338948
47.7194100381,0.5361975708,51.16352531172475,45.4573969336,8.8680338948
48.6378996404,1.8199674919,50.26254383975934,45.4573969336,8.8680338948
49.1301836156,-0.9487698393,53.07470491647938,48.6378996404,1.8199674919
41.2989464782,19.4872973318,31.255684007480486,41.0711282185,23.3196305723
43.0946721077,11.1994693851,39.73582095275116,41.2989464782,19.4872973318
41.1629836041,31.0880695683,20.151372778326362,38.937312992,34.1952223867
41.9750342303,27.7865332873,23.421512406277362,38.937312992,34.1952223867
42.9776891549,23.6506174099,27.677228214781735,41.9750342303,27.7865332873
43.8405459225,21.4695367517,30.008209537960077,41.9750342303,27.7865332873
45.1466887291,18.7391145235,33.00875280940269,41.9750342303,27.7865332873
48.3903194777,9.5322223675,42.77031024689583,45.1466887291,18.7391145235
51.6698243369,0.8460285623,52.05498121268731,48.3903194777,9.5322223675
52.1407743782,0.3233777468,52.71358592490455,48.3903194777,9.5322223675
52.3137892375,0.0381955397,53.047147062906305,52.1407743782,0.3233777468
53.4799337066,-3.1521651483,56.438199478351514,52.1407743782,0.3233777468
49.9649278464,5.0702415752,47.50197634940499,48.3903194777,9.5322223675
51.89733636,-2.4954535315,55.310557853812696,49.9649278464,5.0702415752
52.3588607866,-0.5381913913,53.599962513861136,49.9649278464,5.0702415752
47.9730669559,11.2609553482,41.003205794570135,45.1466887291,18.7391145235
51.4588396657,4.3602483574,48.734335618681385,47.9730669559,11.2609553482
52.7935588096,0.7976855645,52.538718465668346,51.4588396657,4.3602483574
54.0164954185,-1.9202552822,55.51911716308253,52.7935588096,0.7976855645
55.0267124231,-2.0584680461,56.07801564177315,51.4588396657,4.3602483574
50.3221335952,7.3744040649,45.54450461248479,47.9730669559,11.2609553482
50.0252598399,8.2595657611,44.639114908766,47.9730669559,11.2609553482
44.0860246569,20.7629555454,30.755469378997475,41.9750342303,27.7865332873
46.526327063,12.7244098238,39.15626060074981,44.0860246569,20.7629555454
48.8566278381,6.9139675716,45.416575358697905,46.526327063,12.7244098238
48.862317775,5.9542229082,46.31812372976252,46.526327063,12.7244098238
51.3889105212,-2.7204385326,55.35324531265518,48.862317775,5.9542229082
50.8470898841,-3.4067708807,55.887215904095754,48.862317775,5.9542229082
48.2967533524,6.9390369715,45.20646293507951,46.526327063,12.7244098238
43.2309677059,26.7210794719,24.948975536632066,38.937312992,34.1952223867
39.3944611397,30.1742801092,20.376176188698942,38.937312992,34.1952223867
40.4978337167,20.840912618,29.77453667175473,39.3944611397,30.1742801092
34.835332589,44.1251279101,5.877179376957238,35.0,50.0
33.7301696273,35.4130762817,14.659048696630617,34.835332589,44.1251279101
31.930230375,35.3457641312,15.124711330730037,34.835332589,44.1251279101
32.0050583173,29.4939975011,20.976956362690057,31.930230375,35.3457641312
32.3997854359,29.6632644297,20.82657811387785,31.930230375,35.3457641312
30.7249636809,27.0743583509,23.483468498293107,31.930230375,35.3457641312
29.6950678255,17.8972394656,32.71819624240663,30.7249636809,27.0743583509
29.7235701428,15.1998136275,35.41577266099813,29.6950678255,17.8972394656
29.8870370861,14.593063409,36.02794421015644,29.6950678255,17.8972394656
29.5936800037,5.0944161336,45.531120439199974,29.8870370861,14.593063409
28.3331061155,-2.7365339419,53.462881001180214,29.5936800037,5.0944161336
30.8217470595,27.8377563982,22.7141062591502,31.930230375,35.3457641312
30.8903427706,25.8718366995,24.681222329268586,30.8217470595,27.8377563982
29.0582883183,16.1082513429,34.615205545069095,30.8903427706,25.8718366995
27.3199243335,11.3175979507,39.71150511120992,29.0582883183,16.1082513429
27.9176928005,7.658068996,43.142018538860256,29.0582883183,16.1082513429
27.5522812174,1.3406639888,49.469982796823416,27.9176928005,7.658068996
27.9308336845,1.9043261731,48.89577636787127,27.9176928005,7.658068996
29.4309400483,22.7251825548,28.012479164733662,30.8217470595,27.8377563982
31.084875049,18.3672922769,32.18822505784007,30.8217470595,27.8377563982
30.837808401,27.6238108682,22.928653821470913,30.8217470595,27.8377563982
31.435337857,35.0573811884,15.561393066593002,34.835332589,44.1251279101
34.7901320425,51.2379062568,1.2555701733514602,35.0,50.0
41.34822415,54.0541944076,7.53235966701394,35.0,50.0
48.8978314079,59.9531998289,17.113321764270307,41.34822415,54.0541944076
49.6444984795,59.4446453388,17.42605104040919,41.34822415,54.0541944076
55.5059405812,63.9474181277,24.81736122873437,49.6444984795,59.4446453388
61.8366949388,67.6769167991,32.16498744923891,55.5059405812,63.9474181277
45.3099577198,57.1491911392,12.559718580667802,41.34822415,54.0541944076
49.4757146812,60.104693003,17.667411046779858,45.3099577198,57.1491911392
56.1016964813,65.2552077566,26.05975500078387,49.4757146812,60.104693003
60.3728962125,69.0788571804,31.792419482499938,56.1016964813,65.2552077566
65.1449643273,73.0699873713,38.01349288610195,60.3728962125,69.0788571804
70.9500161434,77.0570644578,45.05589377509565,65.1449643273,73.0699873713
77.1230293249,82.8334172295,53.51002549172386,70.9500161434,77.0570644578
74.5792742386,79.9930439074,49.72402933975614,70.9500161434,77.0570644578
80.4805014354,85.1706462159,57.574637475005076,74.5792742386,79.9930439074
87.7124222311,89.2151413956,65.86068717639444,80.4805014354,85.1706462159
87.725509272,88.8102632375,65.68247014572022,80.4805014354,85.1706462159
94.7024774511,91.8817382161,73.3055957196787,87.725509272,88.8102632375
80.0414332914,84.9338363347,57.08925922943034,74.5792742386,79.9930439074
78.6246547525,82.9117657889,54.70874855783596,70.9500161434,77.0570644578
84.679020797,85.8980059589,61.45952470237788,78.6246547525,82.9117657889
89.9655411507,90.3994428233,68.40288349292469,84.679020797,85.8980059589
96.2453516789,96.164243865,76.9274920657846,89.9655411507,90.3994428233
97.0473530206,96.3319367364,77.64120278755966,89.9655411507,90.3994428233
96.8809297927,96.1625497971,77.40488338524665,89.9655411507,90.3994428233
66.6015875019,74.3587273092,39.95781131361509,60.3728962125,69.0788571804
73.616205981,79.7693062841,48.81666209974762,66.6015875019,74.3587273092
73.5026400312,80.2378478765,49.02360331746162,66.6015875019,74.3587273092
78.3828980109,84.2613920443,55.34861917662458,73.5026400312,80.2378478765
85.9381864882,90.3850446646,65.07392150556682,78.3828980109,84.2613920443
84.7390634401,89.0196165065,63.28848938941998,78.3828980109,84.2613920443
89.3265544766,91.0636592053,68.3107582556283,84.7390634401,89.0196165065
91.4389647501,93.9634641579,71.61497166971057,84.7390634401,89.0196165065
96.4392887127,97.0461169835,77.48915145706229,91.4389647501,93.9634641579
100.2249870553,100.0744810656,82.3370892614197,96.4392887127,97.0461169835
103.6066390018,102.5122372824,86.50299532572944,96.4392887127,97.0461169835
100.7662605018,100.9875103621,83.34212220946992,96.4392887127,97.0461169835
87.6574492389,92.7165114374,67.99847960180382,84.7390634401,89.0196165065
94.2753176582,97.7370581269,76.30522815202596,87.6574492389,92.7165114374
98.6590523169,102.3305400701,82.6548112816804,94.2753176582,97.7370581269
97.232452091,100.9650003519,80.68292789750753,94.2753176582,97.7370581269
102.0505876634,104.6104619191,86.72476705723021,97.232452091,100.9650003519
89.7508797751,91.8297989017,69.03439472018074,84.7390634401,89.0196165065
97.9847841625,96.4150313056,78.4589126207749,89.7508797751,91.8297989017
85.132815235,89.517617721,63.92334818130242,84.7390634401,89.0196165065
78.9629815845,85.0428056251,56.29704465183188,73.5026400312,80.2378478765
81.7115146716,87.7636337659,60.16451668180865,78.9629815845,85.0428056251
74.198005735,80.6800770231,49.84037333859614,66.6015875019,74.3587273092
61.1469870809,68.8977424733,32.28253704716608,56.1016964813,65.2552077566
54.3635518196,63.4078216483,23.566700049610933,49.4757146812,60.104693003
60.0520356966,67.3979238747,30.515064216521818,54.3635518196,63.4078216483
66.6848729177,72.0961638054,38.643285919208914,60.0520356966,67.3979238747
73.5216402434,77.1837115698,47.16528860172495,66.6848729177,72.0961638054
81.1328929549,82.9803441495,56.73253047712225,73.5216402434,77.1837115698
81.1559657224,82.512642018,56.47552088889489,73.5216402434,77.1837115698
82.3614745273,81.1870648946,56.869386087323555,73.5216402434,77.1837115698
80.2724011619,81.7787274561,55.33149604300983,73.5216402434,77.1837115698
83.4974606882,83.7998340022,59.13752817882615,80.2724011619,81.7787274561
87.0574909106,86.7006196641,63.72973599649796,83.4974606882,83.7998340022
88.4402154186,88.2576445685,65.7935704991474,83.4974606882,83.7998340022
95.8938157893,93.1362137729,74.70180242070285,88.4402154186,88.2576445685
102.3056257281,98.9215506836,83.33785648848185,95.8938157893,93.1362137729
99.9536965885,95.9248609598,79.62716385279268,95.8938157893,93.1362137729
104.6759169035,99.1540178631,85.34789973286341,99.9536965885,95.9248609598
98.6894570354,95.9774866605,78.68783322824892,95.8938157893,93.1362137729
97.5134816544,95.0373785201,77.19935020013894,95.8938157893,93.1362137729
75.4580124211,78.5460979819,49.5329106041665,73.5216402434,77.1837115698
76.9888142096,79.194655442,51.173429139310144,73.5216402434,77.1837115698
85.0459187314,84.5224135092,60.83272203774866,76.9888142096,79.194655442
92.7826019811,89.5371183134,70.0524580415318,85.0459187314,84.5224135092
96.4490407829,91.9029687219,74.41594536736928,92.7826019811,89.5371183134
104.3508533678,97.5930201305,84.15326158691329,96.4490407829,91.9029687219
94.8424915352,91.018545203,72.58973425911637,92.7826019811,89.5371183134
67.0903473292,72.1465053395,39.00546212035616,60.0520356966,67.3979238747
73.6164883904,75.7448422492,46.457880899946446,67.0903473292,72.1465053395
72.1471387379,74.3701243394,44.529556689407116,67.0903473292,72.1465053395
72.1871254246,74.2642343196,44.52469422155508,67.0903473292,72.1465053395
51.176532515,60.7998313875,19.469412788820847,45.3099577198,57.1491911392
31.1852636641,44.6452607342,6.574606141597843,35.0,50.0
27.9848798069,39.5745212797,12.570842915512738,31.1852636641,44.6452607342
25.2343619828,32.9663272589,19.728606289446574,27.9848798069,39.5745212797
22.4869351629,32.1535848543,21.806517917282605,27.9848798069,39.5745212797
20.6124614678,30.6817048489,24.189810258544615,22.4869351629,32.1535848543
15.4794615742,24.7277366403,32.05094410403517,20.6124614678,30.6817048489
18.1702982435,26.853379634,28.642125400983122,22.4869351629,32.1535848543
14.3840506575,19.1666006985,37.21080331450848,18.1702982435,26.853379634
8.3367831767,12.9509430974,45.88281827058722,14.3840506575,19.1666006985
10.9673286073,13.4326469985,43.88554784910055,14.3840506575,19.1666006985
5.6321196374,5.0682497655,53.80661612947839,10.9673286073,13.4326469985
7.5077298466,7.955151038,50.36411139222728,10.9673286073,13.4326469985
2.8312979069,1.4202897832,58.39987067845111,7.5077298466,7.955151038
6.1891972639,3.7272543604,54.79284015882641,7.5077298466,7.955151038
2.9236860292,-0.5872023642,60.05871088719978,7.5077298466,7.955151038
1.9087926699,0.1988709408,59.93009165850706,7.5077298466,7.955151038
4.0784634739,1.8876329696,57.33366255175624,7.5077298466,7.955151038
3.2126975596,-0.2560720597,59.63079834639674,7.5077298466,7.955151038
7.9534977275,12.3624764616,46.57286065340048,14.3840506575,19.1666006985
11.1770680414,14.912026838,42.53866744888893,14.3840506575,19.1666006985
7.9137625263,8.4544099577,49.7739959595799,11.1770680414,14.912026838
20.1472228019,28.8457086142,25.8582211581474,22.4869351629,32.1535848543
16.2594400571,22.2076001379,33.55103201074807,20.1472228019,28.8457086142
10.3094995085,14.4317596709,43.34212426340861,16.2594400571,22.2076001379
5.6396065485,8.7917686067,50.66451454678694,10.3094995085,14.4317596709
-0.3115090571,1.80465701,59.842504817862384,5.6396065485,8.7917686067
-2.167409994,-0.8608072113,63.0904376685563,-0.3115090571,1.80465701
-2.178004277,-1.2041569336,63.38323436883226,-0.3115090571,1.80465701
4.9407547652,8.6442826918,51.23631895966001,10.3094995085,14.4317596709
0.4071340285,3.7358329405,57.91812978796646,4.9407547652,8.6442826918
-2.6770371904,-0.2473690014,62.955788948474144,0.4071340285,3.7358329405
4.9785253608,7.8672218745,51.798627195697456,10.3094995085,14.4317596709
-1.0384652661,0.6290591173,61.21112826097865,4.9785253608,7.8672218745
8.2154888847,11.1544318777,47.23130900531384,10.3094995085,14.4317596709
5.0,5.0,54.17511203426557,8.2154888847,11.1544318777
2.9258106986,2.9857948634,56.9630779084421,8.2154888847,11.1544318777
5.434973563,7.0975093851,52.149630422746036,8.2154888847,11.1544318777
0.3989233225,-0.2631125942,61.068181759538035,5.434973563,7.0975093851
-2.3610259854,-3.5550626484,65.36402339320252,0.3989233225,-0.2631125942
-1.1949043727,-2.528828635,63.83833624972897,0.3989233225,-0.2631125942
4.9890090162,5.8031226762,53.480043478140665,8.2154888847,11.1544318777
9.4994347314,14.8725337417,43.52604434358028,16.2594400571,22.2076001379
6.4566402348,10.9611680078,48.48158470290199,9.4994347314,14.8725337417
2.9185705584,7.3539893767,53.5178551220102,9.4994347314,14.8725337417
1.6283933759,5.8138527793,55.52697878691848,2.9185705584,7.3539893767
-3.6613872802,-1.1141828193,64.24359835215813,1.6283933759,5.8138527793
-0.1253945989,4.4351971726,57.75777764437704,1.6283933759,5.8138527793
-3.6145175068,1.8610069625,62.093035790579606,1.6283933759,5.8138527793
8.7604475415,14.3674064699,44.421173176515744,9.4994347314,14.8725337417
1.9384433567,7.7124635621,53.95154600256543,8.7604475415,14.3674064699
-2.5916518639,2.4177904318,60.91971120327815,1.9384433567,7.7124635621
6.3959899075,11.6971181445,47.96616078236122,9.4994347314,14.8725337417
8.9345660558,16.0267079561,43.135248582693684,16.2594400571,22.2076001379
4.4902847171,10.9390056361,49.890716850286275,8.9345660558,16.0267079561
24.2806964087,32.5920084025,20.475048171435965,27.9848798069,39.5745212797
24.8387322596,30.3852497644,22.283770145307358,27.9848798069,39.5745212797
22.2416358217,23.3070109969,29.82342358279988,24.8387322596,30.3852497644
17.6777375884,14.9160673556,39.37523504845349,22.2416358217,23.3070109969
14.2298694926,8.6684692117,46.51107956565664,17.6777375884,14.9160673556
11.6312997871,3.5456789627,52.255254393218195,14.2298694926,8.6684692117
11.969679514,4.3954607545,51.34502826363292,14.2298694926,8.6684692117
11.1219368953,1.0943463261,54.75325713167435,11.969679514,4.3954607545
6.6024517963,-3.8847741288,61.21262285888587,11.969679514,4.3954607545
8.3491535428,-1.6951508414,58.43048928746512,11.969679514,4.3954607545
8.5098078436,-1.4256416917,58.11673009292163,11.969679514,4.3954607545
15.161018071,11.1428015321,43.91080690920658,17.6777375884,14.9160673556
11.3068281696,3.9327219914,52.08638192135554,15.161018071,11.1428015321
12.2441396514,5.346359681,50.39979125561332,15.161018071,11.1428015321
18.9774547285,20.1668784708,34.35280659714913,22.2416358217,23.3070109969
16.6692230888,16.4425777309,38.66492954780118,22.2416358217,23.3070109969
19.7105908857,18.2930766861,35.43998175850399,22.2416358217,23.3070109969
15.4924350724,12.4837373346,42.61920610143708,19.7105908857,18.2930766861
11.2397121428,6.6810815787,49.81340279998689,15.4924350724,12.4837373346
10.0970598696,4.8658657815,51.954196223473595,15.4924350724,12.4837373346
8.6552058558,2.2578197581,54.93427123214095,10.0970598696,4.8658657815
18.9927627967,22.6178101389,32.00531720824682,24.8387322596,30.3852497644
24.0370193406,31.4978994224,21.560694020352607,27.9848798069,39.5745212797
19.9776451034,24.6990966963,29.479168476083828,24.0370193406,31.4978994224
17.0026370159,20.7150066539,34.45145633849096,19.9776451034,24.6990966963
11.1042104942,12.8994014341,44.24304049957843,17.0026370159,20.7150066539
14.0090698012,15.4206416248,40.53354033415262,17.0026370159,20.7150066539
15.7920792655,16.0456178088,39.27521444330901,17.0026370159,20.7150066539
16.6489590633,18.3304399082,36.86210908388039,17.0026370159,20.7150066539
13.6020028393,14.2805694403,41.72925099476016,17.0026370159,20.7150066539
10.3993223437,7.9413538447,48.831561655692624,13.6020028393,14.2805694403
11.3695894072,10.520495094,46.10210233244863,13.6020028393,14.2805694403
7.5515223983,4.3028051475,53.39849212160174,11.3695894072,10.520495094
11.436895585,9.5606501468,46.922065988554564,13.6020028393,14.2805694403
10.3006407283,8.3133610425,48.54882340442935,13.6020028393,14.2805694403
8.3354428489,5.1120575241,52.30519757670219,10.3006407283,8.3133610425
4.7867173141,-3.0516877049,61.206893431165085,8.3354428489,5.1120575241
15.5474039024,19.6006425336,36.28435317335071,17.0026370159,20.7150066539
23.6533540475,32.532263888,20.838581697991238,27.9848798069,39.5745212797
28.5992041975,53.6068762839,7.3470908142381015,35.0,50.0
38.6773376297,43.976662746,7.057152663662012,35.0,50.0
40.6164036266,40.6777577668,10.883737433678789,38.6773376297,43.976662746
40.9260170899,38.330781434,13.134367083436603,38.6773376297,43.976662746
40.911880051,39.5542286526,12.0120596398883,38.6773376297,43.976662746
44.9633862961,32.0958504152,20.49982193546458,40.911880051,39.5542286526
47.4769272271,26.7564321834,26.401285742511995,44.9633862961,32.0958504152
52.1654998358,18.2868931917,36.08197806480892,47.4769272271,26.7564321834
54.9816908132,12.943203248,42.122338470909675,52.1654998358,18.2868931917
52.8507828407,17.2349768654,37.337422509753125,52.1654998358,18.2868931917
50.1384612116,21.4143915451,32.369632358778276,47.4769272271,26.7564321834
54.5067237612,16.1267335089,39.22827983550634,50.1384612116,21.4143915451
51.9892350096,16.9931271278,37.16264213334023,50.1384612116,21.4143915451
48.4586948677,23.3181565068,29.94784248795402,44.9633862961,32.0958504152
47.45504652,27.1239271417,26.061151966036075,44.9633862961,32.0958504152
50.0235368295,20.2245832768,33.423087053778204,47.45504652,27.1239271417
48.2134905072,26.7792585805,26.731140104183673,44.9633862961,32.0958504152
51.5987658799,21.8287221082,32.728464567023885,48.2134905072,26.7792585805
55.4882287936,15.3933186233,40.24792862841222,51.5987658799,21.8287221082
59.2637138777,9.0818597781,47.602437475025624,55.4882287936,15.3933186233
62.8174981478,3.4224300516,54.285141079675626,59.2637138777,9.0818597781
68.3031588132,-3.4992984172,63.11706034627409,62.8174981478,3.4224300516
66.9972082198,-3.9658468213,62.773757659343204,62.8174981478,3.4224300516
65.6183426854,-2.2377612524,60.600400038869694,62.8174981478,3.4224300516
58.7700640056,8.9601564576,47.469840965800216,55.4882287936,15.3933186233
59.0024801058,7.3619596582,49.0144951804662,55.4882287936,15.3933186233
62.8516561752,-0.591459627,57.85038985726226,59.0024801058,7.3619596582
63.0338047381,-0.7858193154,58.105033145494836,59.0024801058,7.3619596582
63.6362742636,-0.1208497128,57.815886228453266,59.0024801058,7.3619596582
56.8494941993,12.5178025786,43.429380502648684,55.4882287936,15.3933186233
61.7846057427,6.086453919,51.53601800084353,56.8494941993,12.5178025786
61.0503625618,4.188123804,52.7584127936784,56.8494941993,12.5178025786
58.8281736258,7.1223612299,49.1677922868757,55.4882287936,15.3933186233
60.8698864752,1.8746141247,54.798728358217666,58.8281736258,7.1223612299
49.6524531988,22.4952553736,31.250354317356823,48.2134905072,26.7792585805
40.3833246107,39.2319085838,12.099283526606344,38.6773376297,43.976662746
42.9291492115,32.3772221352,19.41146167040583,40.3833246107,39.2319085838
43.8755404526,29.174416024,22.751165754178956,42.9291492115,32.3772221352
45.9225669412,22.2597489892,29.962471991413643,43.8755404526,29.174416024
49.4182091734,14.1498258352,38.79368754643921,45.9225669412,22.2597489892
49.4105891127,15.6396183007,37.44528088926043,45.9225669412,22.2597489892
47.1352941039,17.8422831552,34.54337927771706,45.9225669412,22.2597489892
50.1250048198,8.9499958479,43.924804740850895,47.1352941039,17.8422831552
54.1960233717,2.4650049114,51.58171661812891,50.1250048198,8.9499958479
44.4516173012,28.5470006867,23.53317313880148,42.9291492115,32.3772221352
45.8735734544,25.8570726098,26.57581547080803,44.4516173012,28.5470006867
45.1879515069,27.9374670342,24.39278811690177,42.9291492115,32.3772221352
47.9487037208,22.337258226,30.63651228457563,45.1879515069,27.9374670342
50.6095534604,12.8673619536,40.47313044056526,47.9487037208,22.337258226
51.0989390423,16.635237238,37.150883008476654,47.9487037208,22.337258226
54.6149128284,8.4048718599,46.10079842268976,51.0989390423,16.635237238
57.5582351173,-1.0446638693,55.998114806122345,54.6149128284,8.4048718599
57.4947437244,1.6419504256,53.45134481843957,54.6149128284,8.4048718599
60.8481216952,-1.4865812683,58.03750381860338,57.4947437244,1.6419504256
60.7697660239,-2.6537342681,59.20728402709001,60.8481216952,-1.4865812683
54.8561897293,5.8681529703,48.64896585591729,54.6149128284,8.4048718599
60.0046831271,-0.689096808,56.98590227898096,54.8561897293,5.8681529703
57.9115234415,-2.4465181203,57.50722863355971,54.8561897293,5.8681529703
60.5432082955,-1.8014721434,58.19701956109728,54.8561897293,5.8681529703
60.7507129675,-1.6217983166,58.18021836992691,54.8561897293,5.8681529703
43.5956766797,35.6953507732,16.688880805672436,38.6773376297,43.976662746
26.2757086684,53.1532871046,9.276663128661488,35.0,50.0
18.3156855886,55.5953220503,17.602856863314116,26.2757086684,53.1532871046
16.4173685603,56.109175603,19.56949181000762,18.3156855886,55.5953220503
40.8390887,53.319916582,6.716904268925247,35.0,50.0
44.0806899964,55.3216819885,10.526765645338081,40.8390887,53.319916582
51.3233114749,58.8849010738,18.59845048375167,44.0806899964,55.3216819885
56.8565245246,61.7157304889,24.813757542197433,51.3233114749,58.8849010738
57.7184468293,63.325055914,26.383868340620253,51.3233114749,58.8849010738
64.9007565839,67.7459397045,34.8177160331108,57.7184468293,63.325055914
71.3031101372,71.1754867644,42.0807680126523,64.9007565839,67.7459397045
74.9144547946,73.1578267337,46.200413869812344,71.3031101372,71.1754867644
81.2479481823,78.1713579783,54.278076528813386,74.9144547946,73.1578267337
72.4490724147,71.8614614146,43.415075559605555,64.9007565839,67.7459397045
78.2143459136,75.1890612078,50.07174882038855,72.4490724147,71.8614614146
81.4704761117,77.3816694133,53.99729522946394,78.2143459136,75.1890612078
89.4791067566,83.0869554488,63.8303239364953,81.4704761117,77.3816694133
96.3264768072,88.672982989,72.6671887815479,89.4791067566,83.0869554488
90.6991237509,84.5970332828,65.77165763555863,89.4791067566,83.0869554488
95.1131945635,88.0571736508,71.34338019818743,89.4791067566,83.0869554488
90.945165719,84.7382437421,66.03850914358799,89.4791067566,83.0869554488
97.6681614333,91.2516718911,75.39924723556993,90.945165719,84.7382437421
92.1824275158,86.106899889,67.88347179328717,89.4791067566,83.0869554488
89.2986981555,82.5735751897,63.39074752124953,81.4704761117,77.3816694133
95.1208925392,86.6744502328,70.51220267877936,89.2986981555,82.5735751897
85.8985500583,79.6251699896,58.944519214205116,78.2143459136,75.1890612078
91.6947908909,83.0283607526,65.66598595583733,85.8985500583,79.6251699896
95.5051382325,85.775330158,70.36328174999825,91.6947908909,83.0283607526
103.1223613835,91.4405241042,79.8562534122435,95.5051382325,85.775330158
94.2817259868,84.7931414488,68.79754852044934,91.6947908909,83.0283607526
71.2364668007,73.0190539628,43.06071050917049,64.9007565839,67.7459397045
77.2143417351,76.7819552485,50.12430837550253,71.2364668007,73.0190539628
83.8628662914,81.9901204096,58.56989083741833,77.2143417351,76.7819552485
32.7514194713,54.4080211076,4.948410298176165,35.0,50.0
29.2309593044,61.1672757838,12.569510190216757,32.7514194713,54.4080211076
26.1276296228,70.3271813149,22.240835045239255,29.2309593044,61.1672757838
25.9258627787,69.0677032443,21.13341216903557,29.2309593044,61.1672757838
24.7176904298,72.6437670267,24.908052893719116,25.9258627787,69.0677032443
19.5665405674,80.7030172192,34.47287691563478,24.7176904298,72.6437670267
16.5277511584,89.3670454658,43.65435972235686,19.5665405674,80.7030172192
15.4059153874,88.4544860382,43.270380580901374,19.5665405674,80.7030172192
11.942141067,94.7839200047,50.48560523983933,15.4059153874,88.4544860382
17.4990012251,87.2709113949,41.35851071617574,19.5665405674,80.7030172192
16.172433779,86.0064293682,40.76939510533484,19.5665405674,80.7030172192
12.0597323885,92.9497942969,48.839378330876364,16.172433779,86.0064293682
9.0670405525,98.5940660871,55.2279625611193,12.0597323885,92.9497942969
15.2977747219,89.6153659966,44.35479588786535,19.5665405674,80.7030172192
12.1248401007,95.1646727423,50.74716004115645,15.2977747219,89.6153659966
7.0947903976,103.6367183363,60.599923945892584,12.1248401007,95.1646727423
9.2866022671,101.030112979,57.26321583974947,12.1248401007,95.1646727423
7.4009976598,103.8327052521,60.61881010573014,12.1248401007,95.1646727423
12.6203487241,97.6826520065,52.85477903721474,15.2977747219,89.6153659966
12.2820898657,97.0197184741,52.3497186994361,15.2977747219,89.6153659966
18.3874424268,83.747017739,37.73726224670539,19.5665405674,80.7030172192
17.8814158972,86.0528614281,40.08184101015504,19.5665405674,80.7030172192
35.663146191,41.4175719879,8.608009842786927,35.0,50.0
33.5112473863,32.2027359905,18.070772173346015,35.663146191,41.4175719879
32.5153115835,25.9228381527,24.429152861579777,33.5112473863,32.2027359905
31.8431339029,16.5822438263,33.79390193481568,32.5153115835,25.9228381527
32.0238365617,22.0919701184,28.291418724162888,32.5153115835,25.9228381527
32.1055384813,13.4920760103,36.89170092152126,32.0238365617,22.0919701184
31.6965806283,17.162070066,33.228094721027645,32.5153115835,25.9228381527
32.7886439013,29.2732737953,21.088039902540785,33.5112473863,32.2027359905
33.0658863417,28.0982869736,22.1993128589126,33.5112473863,32.2027359905
33.1535088706,33.044002892,17.349573712241636,35.663146191,41.4175719879
35.6322419715,38.0120751039,12.013646948779957,35.663146191,41.4175719879
35.9298200469,37.3530750107,12.681245733708106,35.663146191,41.4175719879
36.0937681259,27.6805448206,22.355165272912664,35.9298200469,37.3530750107
36.8206214481,19.0486169463,31.01764151121257,36.0937681259,27.6805448206
36.3677941152,13.5080178059,36.57671440406283,36.8206214481,19.0486169463
36.5407981514,13.1309464726,36.991579667658286,36.3677941152,13.5080178059
36.3581072507,10.2158959695,39.86885049193124,36.3677941152,13.5080178059
36.2510278567,4.9856457566,45.0998863315681,36.3677941152,13.5080178059
35.6632763333,4.8270265304,45.28624681575522,36.3677941152,13.5080178059
35.1136835645,2.3372455666,47.835964733333185,35.6632763333,4.8270265304
37.4967172976,11.2306411685,38.864797101614656,36.8206214481,19.0486169463
39.764098296,3.8318753367,46.60319179468353,37.4967172976,11.2306411685
38.3991547481,1.2748176189,48.86143733235393,37.4967172976,11.2306411685
38.250700329,1.8999353845,48.22591673759892,37.4967172976,11.2306411685
39.2025747529,2.2390891722,48.016734435314504,37.4967172976,11.2306411685
39.6447063276,-2.243261311,52.52083769607463,39.2025747529,2.2390891722
38.9094912824,7.8220674398,42.554553895240964,37.4967172976,11.2306411685
37.260491828,11.3856538964,38.693218926316014,36.8206214481,19.0486169463
37.6529383383,2.2314595567,47.85582162819293,37.260491828,11.3856538964
37.154461302,4.3218394909,45.757829066146314,37.260491828,11.3856538964
37.0278523126,2.7078848589,47.374105782641195,37.260491828,11.3856538964
37.1329656831,3.9975945662,46.082378796300446,37.260491828,11.3856538964
39.1828106266,-1.2786830166,51.7428531070937,37.1329656831,3.9975945662
39.1570920892,-3.8700835821,54.20626008255203,37.1329656831,3.9975945662
37.0330444005,-3.7030475468,53.78366915670276,37.1329656831,3.9975945662
37.2355842786,0.1113417419,49.96998623411128,37.1329656831,3.9975945662
34.9899137826,28.9100653202,21.17641120705513,35.9298200469,37.3530750107
34.4505607571,23.0731838179,27.038159014493445,34.9899137826,28.9100653202
32.9480102642,14.334053959,35.905517622017534,34.4505607571,23.0731838179
34.0730773319,16.3767024481,33.74527139407821,34.4505607571,23.0731838179
34.0254622058,9.6180384675,40.50410309807065,34.0730773319,16.3767024481
33.5069377222,0.2609738599,49.87552378603964,34.0254622058,9.6180384675
34.900075653,-0.1191822025,50.28052448108695,34.0254622058,9.6180384675
34.1525920361,3.506132033,46.61733156246118,34.0254622058,9.6180384675
33.6749873172,-0.1234970177,50.25194112795964,34.0254622058,9.6180384675
34.7628035256,-0.1318261408,50.28180896918711,34.0254622058,9.6180384675
35.1531735365,6.8842923492,43.29893337767853,34.0730773319,16.3767024481
33.2564407373,10.2223046665,39.953613151891076,34.0730773319,16.3767024481
33.5714873552,9.4624152165,40.67772842068809,34.0730773319,16.3767024481
33.3444780428,4.566817755,45.57858627752923,33.5714873552,9.4624152165
32.3085035778,-2.4117431762,52.633623893488696,33.3444780428,4.566817755
33.4510345083,5.6359225433,44.50611647134069,33.5714873552,9.4624152165
33.1840134908,-3.205444596,53.35151488609175,33.4510345083,5.6359225433
34.7895755677,11.2675383966,38.90443092127297,34.0730773319,16.3767024481
35.161144984,3.5070453198,46.67381420607687,34.7895755677,11.2675383966
33.162709481,9.8723005994,40.313072626859565,34.0730773319,16.3767024481
30.6877836748,0.7512680251,49.76391877774132,33.162709481,9.8723005994
31.1354386747,4.2318700102,46.30675965186006,33.162709481,9.8723005994
31.1790438768,4.7499922407,45.80606563166979,33.162709481,9.8723005994
29.6330670779,-1.561413485,52.30405659019965,31.1790438768,4.7499922407
29.4803955328,-2.7416662295,53.48788526185464,31.1790438768,4.7499922407
30.6665552433,1.5536097941,48.998197996856845,33.162709481,9.8723005994
33.1879020558,19.1295475794,31.121549393205598,34.9899137826,28.9100653202
32.4916198637,10.8751489656,39.4052626527613,33.1879020558,19.1295475794
33.920796054,27.000887013,23.364555289671692,34.9899137826,28.9100653202
34.9235284729,24.1571396945,25.929800420319673,34.9899137826,28.9100653202
32.215915037,15.3197276512,35.17269077676825,34.9235284729,24.1571396945
35.9665519561,29.2459512963,20.78845266049494,35.9298200469,37.3530750107
36.0000682906,23.5537769753,26.48072565511933,35.9665519561,29.2459512963
30.6652012019,53.0406588449,5.294911409181254,35.0,50.0
28.1583490592,52.4666218543,7.272716890396595,35.0,50.0
21.7604772754,54.709692197,14.052401833241984,28.1583490592,52.4666218543
13.9222145458,54.1532489349,21.910390871295736,21.7604772754,54.709692197
23.9061968142,54.6037668423,12.031728070714626,28.1583490592,52.4666218543
